,entity_name,entity_type
0,wxid_zb45i0rc71yk21,NORP
1,C Yangzhou,PERSON
2,Zhao Jinlong,PERSON
3,Zhenjiang,GPE
4,qq78263462 Brother,PERSON
5,1 million,CARDINAL
6,hack05112,NORP
7,Gentlemen,PERSON
8,Great Yancheng,PERSON
9,24 Gang,PERCENT
10,Shanxi Province,GPE
11,Hengyang,PERSON
12,tomorrow afternoon,TIME
13,Anyway,ORG
14,Shutd0wn Jincheng,PERSON
15,TÂè∞,ORG
16,This year,DATE
17,Health Bureau,WORK_OF_ART
18,Tong Ying,PERSON
19,08-20,CARDINAL
20,Zhenjiang Municipal Bureau,ORG
21,Tai Chi 15th,GPE
22,21,CARDINAL
23,‚Äôs,GPE
24,Shutd0wn 285000,DATE
25,n‚Äôt Jiangsu,GPE
26,Sichuan Anxun's,GPE
27,Yuejie,PERSON
28,Cheng Wen,PERSON
29,Yipintang Tuyu-Southwest Gate,PERSON
30,Arrange,NORP
31,Xizhimenwai South Road,PERSON
32,second year,DATE
33,420Âπ≥,PRODUCT
34,100 years old,DATE
35,Unclear,PERSON
36,mid late March Shutd0wn,DATE
37,January 1st,DATE
38,Interesting,GPE
39,Zhoushan Chengdu wxid_hlmnhsq64tt722 wxid_zb45i0rc71yk21,PERSON
40,Liu Shiye,PERSON
41,200W,CARDINAL
42,10:55:11,TIME
43,adpw90 Give adpw90 wxid_7p054rmzkhqf21 adpw90 wxid_7p054rmzkhqf21 adpw90 wxid_7p054rmzkhqf21 adpw90,ORG
44,wxid_zb45i0rc71yk21 Show verification code wxid_blw54o1q0q5w22,ORG
45,Office National Intelligence Agency Ministry National Defense Office,ORG
46,Tai Chi's,PERSON
47,gzp1991101,ORG
48,Zheng,PERSON
49,Hubei Fan Jin,ORG
50,Wu,PERSON
51,2020-12-21,DATE
52,100%,PERCENT
53,late-night,TIME
54,Kaibin,PERSON
55,Zhou Tie,PERSON
56,Guizhou,GPE
57,yP6P,PERSON
58,Shutd0wn 4,DATE
59,QB box case package Shutd0wn,ORG
60,IP,ORG
61,Eagle Guard,ORG
62,know~,PERSON
63,04:44:30,TIME
64,Reuse,PERSON
65,Pakistan,GPE
66,Aikawa Development,ORG
67,just910420 Xu Qian,PERSON
68,Awkward wxid_zb45i0rc71yk21,PERSON
69,Batch,PERSON
70,just910420 Low-key[Grin,PERSON
71,Pangu Village,GPE
72,qq78263462 Help,PERSON
73,Japan,GPE
74,7988000,CARDINAL
75,ken73224 Aren‚Äôt,ORG
76,wxid_5390224027312 wxid_wh6x59w70y3r22 Impossible,EVENT
77,Xiang Hebing just910420,PERSON
78,Shutd0wn 65,DATE
79,Shutd0wn Research Group,ORG
80,14 days,DATE
81,Yida,GPE
82,Sister Tao,PERSON
83,industry~ gzp1991101,ORG
84,Xu Qian Shutd0wn,PERSON
85,"Hey, day",DATE
86,Stone,NORP
87,Just Dong Dong,PERSON
88,Shandong,GPE
89,Haha just910420,PERSON
90,Boss,PERSON
91,2 months,DATE
92,Cyber Police Corps,ORG
93,110,CARDINAL
94,Shutd0wn 2888 One,DATE
95,22 140 million,CARDINAL
96,qq78263462 Disgusted,PERSON
97,Shenyang,GPE
98,adpw90 Is adpw90 wxid_7p054rmzkhqf21 Politics,WORK_OF_ART
99,08:17:39,TIME
100,Si Xu‚Äôs,PERSON
101,gzp1991101 wxid_7p054rmzkhqf21 M,ORG
102,adpw90 You,PERSON
103,wxid_zb45i0rc71yk21 wxid_c9yv0nsla3yn22 Customers,ORG
104,day days,DATE
105,Yanzi,PERSON
106,Fujian,GPE
107,"500,000-1 million",QUANTITY
108,Department Education,ORG
109,Huadong,PERSON
110,1.65 million,CARDINAL
111,4 days,DATE
112,Attack,PERSON
113,25713010771@chatroom,CARDINAL
114,Next week,DATE
115,Meizhou,PERSON
116,just910420 Go,PERSON
117,10W,CARDINAL
118,03,CARDINAL
119,Party B,ORG
120,things year,DATE
121,Indonesia,GPE
122,Said,PERSON
123,3,CARDINAL
124,Sign year,DATE
125,qq78263462,PERSON
126,Lai International,ORG
127,Northeast,ORG
128,Lhasa,GPE
129,Tea Kangju,LOC
130,OK wxid_zb45i0rc71yk21,ORG
131,approximately 30 minutes,TIME
132,Xie Ruoyu,PERSON
133,Invite,ORG
134,gzp1991101 Missed,PERSON
135,The Chengdu College,ORG
136,Wu Yunkun Shutd0wn,PERSON
137,Huo Jiangwei,PERSON
138,Lao Wang,PERSON
139,qq78263462 Hahaha,PERSON
140,Pangu Finance,ORG
141,12,CARDINAL
142,Li Jiaqi,PERSON
143,Wangzong Office Public Security Office,ORG
144,years,DATE
145,n‚Äôt Liaocheng,PERSON
146,wxid_c9yv0nsla3yn22 wxid_zb45i0rc71yk21 By,PERSON
147,7 years,DATE
148,Public Security Bureau,ORG
149,Mid-Autumn Festival,DATE
150,tomorrow night,TIME
151,200W year,DATE
152,just910420 lengmo Nothing,PERSON
153,I busy day,DATE
154,out</tr><tr>2021-06-21,CARDINAL
155,24 million year,DATE
156,Xinhua Park,FAC
157,Huawei Qi Anxin Shutd0wn,PERSON
158,n‚Äôt Chengdu University,ORG
159,SWEET5683yao Password,PERSON
160,95%,PERCENT
161,"70,000 80,000 yuan",MONEY
162,1300W half years,DATE
163,just910420 Okay,PERSON
164,2830 9977,DATE
165,Firstly,ORDINAL
166,"120,000",CARDINAL
167,1-2,CARDINAL
168,Zhiluetang,GPE
169,Zhang Xuefeng,PERSON
170,qq78263462 Sister Sisi,PERSON
171,Available,PERSON
172,700 million,CARDINAL
173,Heyuan Meizhou,PERSON
174,wxid_zb45i0rc71yk21 Communication Brigade,ORG
175,2022-07-07,DATE
176,West Railway Station,FAC
177,Lhasa Shaanxi,PERSON
178,Meiya,ORG
179,03-27,DATE
180,Yongxin Zhicheng,PERSON
181,80 million,CARDINAL
182,Zhaowu,GPE
183,World Digital Economy,WORK_OF_ART
184,04:51:45,TIME
185,Heng,PRODUCT
186,428,CARDINAL
187,15:00-,TIME
188,Shutd0wn 1,DATE
189,Hainan Free Trade Zone,PERSON
190,Ok wxid_zb45i0rc71yk21,ORG
191,Level Protection Detachment Provincial Public Security Department‚Äôs,ORG
192,Chongqing Xiaoxian,GPE
193,adpw90 Too,WORK_OF_ART
194,Cuihua,PERSON
195,1/3,CARDINAL
196,you</tr><tr>2021-12-14,PRODUCT
197,57 million year,DATE
198,Swordfish Signal News just910420,ORG
199,wxid_zb45i0rc71yk21 Optional,ORG
200,adpw90 Tw,PERSON
201,early month,DATE
202,Anxun Academy,ORG
203,Hall Supreme Harmony,PERSON
204,August beginning September,DATE
205,Zhang Yue qq78263462,PERSON
206,3 o'clock,TIME
207,spinach morning,PERSON
208,"260,000 year",DATE
209,Hengqin,PERSON
210,08:58:00,TIME
211,2022-03-10,DATE
212,Gaoxin Network Security,PERSON
213,Yongxin Shutd0wn,PERSON
214,Xi'an Municipal Bureau,ORG
215,Next Friday,DATE
216,130W,CARDINAL
217,Six,CARDINAL
218,Team Wang,PERSON
219,Cheap,PRODUCT
220,wxid_zb45i0rc71yk21 Get,ORG
221,0.8 Zhou,PERCENT
222,808,CARDINAL
223,120W,CARDINAL
224,Qi Anxin Zhejiang,PERSON
225,200,CARDINAL
226,wxid_zb45i0rc71yk21 qb wxid_zb45i0rc71yk21,ORG
227,Tao,PERSON
228,"50,000 month",DATE
229,Changzhou,GPE
230,wxid_nv9bv435fz3722 wxid_70w3p1jin84k22 wxid_70w3p1jin84k22,ORG
231,2.96 million,CARDINAL
232,just910420 Not,PERSON
233,Building 76,FAC
234,wxid_zb45i0rc71yk21 Everyone,ORG
235,Provincial Department,ORG
236,10,CARDINAL
237,07:34:29,TIME
238,new year,DATE
239,Tomorrow,DATE
240,adpw90 Ah San,PERSON
241,ken73224 Foreign IP,ORG
242,Information Management Department,ORG
243,Northeast China,LOC
244,wxid_jcnxegjccqi441 wxid_7p054rmzkhqf21,PERSON
245,Anyao,ORG
246,things</tr><tr>2022-01-14,DATE
247,Haha,ORG
248,wxid_zb45i0rc71yk21 Go,ORG
249,wxid_5390224027312 Technology,ORG
250,Abu,PERSON
251,04:21:48,TIME
252,Wang Zhe Dazhou,PERSON
253,10 minutes ago,TIME
254,Miser,PERSON
255,adpw90 Missing wxid_7p054rmzkhqf21 adpw90 wxid_7p054rmzkhqf21 adpw90,ORG
256,Lhasa Yancheng,PERSON
257,Wang Zhe qq78263462,PERSON
258,wxid_12n748um1thl21 wxid_zb45i0rc71yk21 Implement,ORG
259,Xiang,GPE
260,Huai'an,GPE
261,Shuangliu,PRODUCT
262,CAC,ORG
263,Cao Fei,PERSON
264,The Ministry Public Security,ORG
265,Hainan City County,GPE
266,Hahahahahaha,ORG
267,Indonesian Ministry Commerce,ORG
268,Wuxi,GPE
269,Pudong Development Area,ORG
270,2017,DATE
271,Shutd0wn Every day,DATE
272,Lin Henglin,PERSON
273,Chengdu,PERSON
274,Meiyu,GPE
275,2021-12-23,DATE
276,9518,DATE
277,A+,CARDINAL
278,Zhu Xiaojuan Shutd0wn,PERSON
279,Li Juan,PERSON
280,Anhui,GPE
281,January based year,DATE
282,gzp1991101 Meet,ORG
283,Viagra person,PERSON
284,January 31st December 31st year Shutd0wn,DATE
285,2500,CARDINAL
286,Su Yang East,PERSON
287,China)(State Internet Information Office,ORG
288,Longer,PERSON
289,nearly 500,CARDINAL
290,gzp1991101 Hmm~ Already,PERSON
291,Direction_Resume_neil(1).pdf</a></tr><tr,GPE
292,Macao,GPE
293,710W,CARDINAL
294,Lanzhou,GPE
295,Huzhou ken73224,GPE
296,Philippines,GPE
297,Shen Yang,PERSON
298,Li Nanke,PERSON
299,Shutd0wn Estimated 11 o'clock Shutd0wn,TIME
300,Network Security Corps,ORG
301,Arbitration Dispute Division,ORG
302,Wanru,PERSON
303,adpw90 Give,ORG
304,02:05:38,TIME
305,40%,PERCENT
306,China Railway Group,ORG
307,68-3E-26-7C-6E,CARDINAL
308,"30,000",CARDINAL
309,2 weekends,DATE
310,Kunming,GPE
311,million year,DATE
312,wxid_zb45i0rc71yk21 Stop,ORG
313,Luo Shan,PRODUCT
314,Hunan wxid_zb45i0rc71yk21,ORG
315,China Foundation,ORG
316,day year,DATE
317,Zhoushan,PERSON
318,Zhao Jinlong Jiangsu,PERSON
319,Ye Fei,PERSON
320,wxid_zb45i0rc71yk21 Needed wxid_zb45i0rc71yk21,ORG
321,South Korean,NORP
322,36,CARDINAL
323,10w,DATE
324,Bangzi wxid_zb45i0rc71yk21,PERSON
325,Wang Liyu,PERSON
326,href='65e5e6a2-7e37-4b41-9011-46c6b4361758-en.md'>12,DATE
327,2 days,DATE
328,Roewe,PERSON
329,+ Shutd0wn,LOC
330,Qi Anxin wxid_zb45i0rc71yk21,PERSON
331,Yunnan Technical Investigation,ORG
332,North Marston,ORG
333,Lol][Lol,PERSON
334,Shutd0wn Next week,DATE
335,22.5 yuan,MONEY
336,Going week gzp1991101,ORG
337,Permissions Let,PERSON
338,Chen Hui‚Äôs,PERSON
339,months Shutd0wn,DATE
340,Cuifeng,PERSON
341,EMS,ORG
342,Harbin Telecom</h3,ORG
343,adpw90 Can‚Äôt postal service,WORK_OF_ART
344,Zheng Song‚Äôs,PERSON
345,wxid_5390224027312 wxid_wh6x59w70y3r22,EVENT
346,Henan,GPE
347,wxid_zb45i0rc71yk21 Problems,ORG
348,2w,CARDINAL
349,16th 17th,DATE
350,Key,NORP
351,u200cu200cu200cu200cu200cu200cu200eu200eu200eu200eu200cu200eu200eu200cu200eu200eu200cu200eu200eu200cu200cu200cu200eu200cu200eu200cu200cu200cu200cu200cu200cu200eu200eu200cu200cu200eu200cu200eu200eu200cu200e u200eu200eu200eu200eu200eu200cu200cu200eu200cu200eu200eu200eu200cu200eu200cu200cu200cu200cu200cu200cu200cu200eu200cu200cu200eu200cu200cu200cu200eu200cu200cu200eu200e,PERSON
352,2022-04-27,DATE
353,Kill death wxid_c9yv0nsla3yn22,PERSON
354,12 years old,DATE
355,04:01:49,TIME
356,1,CARDINAL
357,100W,FAC
358,wxid_zb45i0rc71yk21 Follow,ORG
359,Shutd0wn Three days,DATE
360,11111,DATE
361,tens thousands dollars,MONEY
362,Hong Kong,GPE
363,"Yes, year‚Äôs",DATE
364,Vietnamese,NORP
365,May 10,DATE
366,QB Bureau Military Joint Staff,ORG
367,App Stores,ORG
368,Stuck,PERSON
369,520,CARDINAL
370,Gu Yun,PERSON
371,08:07:44,TIME
372,Jingdezhen,PERSON
373,Data Division,ORG
374,2022-08-18,DATE
375,About week,DATE
376,Chen Lin,PERSON
377,Cao Zhongping,PERSON
378,Korla City,GPE
379,1.2,CARDINAL
380,wxid_5390224027312 wxid_70w3p1jin84k22,ORG
381,24 hours,TIME
382,Zhenjiang,PERSON
383,early Sunday morning,TIME
384,Hunan Hubei,GPE
385,week National Day,DATE
386,Yongxin Zhang,PERSON
387,American,ORG
388,Suqian,ORG
389,Xuefeng Chen Jun,PERSON
390,Hunan Zhou Weiwei,PERSON
391,Shanxi,GPE
392,Bazhong,PERSON
393,Li Shunsen,PERSON
394,Lihua Ruite Information Technology Co.,ORG
395,Li Ping tell,PERSON
396,SWEET5683yao Okay,PERSON
397,Chengdu Public Security Bureau,ORG
398,Sichuan Provincial College Student Competition,ORG
399,20e,CARDINAL
400,wxid_zb45i0rc71yk21 The service,ORG
401,ken73224 Inside,ORG
402,Dali,PERSON
403,5 weeks,DATE
404,51,CARDINAL
405,gzp1991101 Sent,PERSON
406,09-12,CARDINAL
407,Taiwan,GPE
408,Chengdu Sichuan,ORG
409,Hahahahaha,PERSON
410,Shutd0wn Department,ORG
411,Sunday,DATE
412,"1,000",CARDINAL
413,Sorry[face,PERSON
414,04,CARDINAL
415,weeks Shutd0wn,DATE
416,07:38:28,TIME
417,PPT,ORG
418,ken73224 Not,ORG
419,Ask Cao Rui,PERSON
420,Xinjiang Department,ORG
421,Hainan Organizing Committee World Digital Economy Forum Shen Yuting,ORG
422,Northwest Region,ORG
423,Liu Qi Xie Yang's,PERSON
424,adpw90 Well,WORK_OF_ART
425,Party Committee,ORG
426,gzp1991101 Hmm~ Then,PERSON
427,wxid_zb45i0rc71yk21 Not convinced,ORG
428,Han,NORP
429,1Âë®,CARDINAL
430,T√ºrkiye,GPE
431,seven,CARDINAL
432,Hangzhou Hezhong,PERSON
433,Zhenjiang Dantu,PERSON
434,Viagra,PERSON
435,Android Linux,PERSON
436,0.4,CARDINAL
437,Wen,PERSON
438,Sunday afternoon,TIME
439,Haikou Shutd0wn,PERSON
440,42 million,CARDINAL
441,13:19:54,TIME
442,ABC,ORG
443,hack05112,GPE
444,Jiangsu,PERSON
445,Tuesday afternoon,TIME
446,Communicate,ORG
447,The new year,DATE
448,lengmo,PERSON
449,Yeah wxid_zb45i0rc71yk21,ORG
450,Anheng,GPE
451,Zaozhuang,GPE
452,10 20 million year,DATE
453,250 yuan,MONEY
454,Alibaba,NORP
455,Danzhou,GPE
456,Yue,PERSON
457,Liu Qi,PERSON
458,N+1 wxid_7p054rmzkhqf21,PERSON
459,gzp1991101 Get,PERSON
460,JG drone,ORG
461,adpw90 wxid_7p054rmzkhqf21 adpw90 The TV,ORG
462,18,CARDINAL
463,Yang Zhen,PERSON
464,u200eu200eu200cOn,ORG
465,Chinese Academy Sciences,ORG
466,Assets Supervision Administration Commission,ORG
467,214‰∫∫,PRODUCT
468,wxid_zb45i0rc71yk21 b Fill wxid_zb45i0rc71yk21,ORG
469,Li Pengcheng,PERSON
470,Dali Zhenjiang,PERSON
471,tenth,ORDINAL
472,Jincheng,GPE
473,Wuxi Bureau,ORG
474,Li Shengfeng,PERSON
475,quarter,DATE
476,This average year,DATE
477,just910420 I city bureau,PERSON
478,year.</tr><tr,GPE
479,wxid_zb45i0rc71yk21 Rival,ORG
480,Secrecy Office,ORG
481,second half year,DATE
482,Maozi's,ORG
483,10 years,DATE
484,rectification year,DATE
485,Everyone Nanjing Office,ORG
486,Lianyungang,GPE
487,gzp1991101 Hard,PERSON
488,01-11 10:28:53</,DATE
489,Wang Zhe Zhoushan,PERSON
490,February,DATE
491,Sanlan Xuzhou,PERSON
492,Dali Prefecture,PERSON
493,186,CARDINAL
494,ken73224 Economy Internal Affairs Statistics,ORG
495,the year Shutd0wn,DATE
496,adpw90 wxid_7p054rmzkhqf21 Analysis,ORG
497,Tibi too</tr><tr>2020-09-13,PERSON
498,Taizhou,GPE
499,one,CARDINAL
500,seventh,ORDINAL
501,quarter year,DATE
502,products past days,DATE
503,3W,CARDINAL
504,late week,DATE
505,Hao Information Communications Technology Department,ORG
506,USDT,ORG
507,MM,PERSON
508,Changzhou City,GPE
509,C.,PERSON
510,Pandas,ORG
511,2021,DATE
512,Party B. lengmo,PERSON
513,Beijing,GPE
514,China Electronics Taiji,ORG
515,gzp1991101 gzp1991101,ORG
516,wxid_nv9bv435fz3722 wxid_70w3p1jin84k22 Just,PERSON
517,Tao Tingting,PERSON
518,Guangdong Province,GPE
519,wxid_zb45i0rc71yk21 Should TMD,ORG
520,3 billion,CARDINAL
521,11:28:27,TIME
522,Jinan,GPE
523,10:39:43,TIME
524,This 21 years,DATE
525,19 early 2020,DATE
526,9.0,CARDINAL
527,Battle Nanjing,GPE
528,range year,DATE
529,2 half years,DATE
530,5 year,DATE
531,App Store,PERSON
532,adpw90 wxid_7p054rmzkhqf21 Let,ORG
533,Boss Tong,ORG
534,Strong,PERSON
535,2 million year,DATE
536,Jia Anxun College,ORG
537,Young,PERSON
538,6 million year,DATE
539,Chengdu Lian'an,PERSON
540,Yunnan Anxun,PERSON
541,Han Yanzi,PERSON
542,Last year,DATE
543,6ÁÇπ,CARDINAL
544,360 yuan,MONEY
545,2022-03-08,DATE
546,Feng Ning,PERSON
547,06:21:36,TIME
548,Zhang Huangen,PERSON
549,just910420 Back,PERSON
550,just910420 Nothing,PERSON
551,twice week,DATE
552,Pudong Development Zone,ORG
553,02:48:31,TIME
554,early morning,TIME
555,gzp1991101 Going Guangdong,ORG
556,Pixian Company,ORG
557,Linux,PERSON
558,Ppt,PERSON
559,2020-08-09,DATE
560,tens thousands yuan,MONEY
561,"Fortunately, Hou Min",GPE
562,Penetration Testing Group,ORG
563,tianyi-0608 Last year,DATE
564,2/3,CARDINAL
565,2,CARDINAL
566,security Taiji,ORG
567,Sichuan Company,ORG
568,11:11:29,TIME
569,11 million year,DATE
570,"8,000",CARDINAL
571,Shutd0wn 8-10,DATE
572,50 80,CARDINAL
573,Australia,GPE
574,Whampoa Military Academy TZ,ORG
575,Party A,ORG
576,Wang,ORG
577,Xinjiang Shaanxi,FAC
578,Invest,PERSON
579,JG,ORG
580,Yanzhou,GPE
581,adpw90 Saw adpw90,WORK_OF_ART
582,06,CARDINAL
583,The Agricultural University,ORG
584,Junkou,PERSON
585,Qi‚Äôanxin,PERSON
586,2020-10-26,DATE
587,Gang Wangzhe,PERSON
588,Anpin Shutd0wn,PERSON
589,wxid_zb45i0rc71yk21 C,ORG
590,Zheng Song,PERSON
591,happens</ tr><tr>2020-09-05,PERSON
592,Cosine,PERSON
593,pre-sales year,DATE
594,Shutd0wn 20W,DATE
595,100 million year Shutd0wn,DATE
596,Zong Lei‚Äôs,PERSON
597,09:42:55,TIME
598,Criminal,ORG
599,tens thousands,CARDINAL
600,Focus second,ORG
601,Shanghai Chengdu,FAC
602,SWEET5683yao wxid_7p054rmzkhqf21 Confidentiality,ORG
603,Chinese,NORP
604,money year ago,DATE
605,Dali Prefecture Bureau,ORG
606,wxid_zb45i0rc71yk21 Really rich wxid_zb45i0rc71yk21,ORG
607,122,CARDINAL
608,Lanzhou Yan Tinghua,PERSON
609,Chengdu West Railway Station,ORG
610,Chen Zhaoxiong‚Äôs,PERSON
611,6 months,DATE
612,Empty,ORG
613,300 million,CARDINAL
614,Sichuan,GPE
615,Lao Pan,PERSON
616,Gang Zheng Wei,PERSON
617,Shutd0wn Tuesday,DATE
618,Meizizi,GPE
619,Yida Capital,ORG
620,March-April,DATE
621,Lai Qiang,PERSON
622,Wu Haibo,PERSON
623,Aksu Hotan,PERSON
624,hahaha wxid_7p054rmzkhqf21 gzp1991101,PERSON
625,Wanru,ORG
626,105,CARDINAL
627,wxid_5390224027312 wxid_wh6x59w70y3r22 Progress wxid_5390224027312 wxid_wh6x59w70y3r22 Where,EVENT
628,Shanghai Disneyland,FAC
629,Longyan,NORP
630,Coming Sunday,DATE
631,Rose,PERSON
632,thousand,CARDINAL
633,gzp1991101 Soon,PERSON
634,Sun 1 Shutd0wn,LAW
635,Zhang Shibin,PERSON
636,Ningxia,GPE
637,48-year-old,DATE
638,VPS,ORG
639,Qi Anxin,PERSON
640,gzp1991101 Yunnan,PERSON
641,Yan Zhuang,PERSON
642,Li Ping,PERSON
643,07:58:49,TIME
644,Arbitration,ORG
645,26,CARDINAL
646,APV,ORG
647,Interstellar,ORG
648,Ôºü,PRODUCT
649,599,CARDINAL
650,02:47:23,TIME
651,qq78263462 Ask,PERSON
652,5 million,CARDINAL
653,Control,ORG
654,140 million year,DATE
655,4ÁÇπ,CARDINAL
656,Yue Radio Station,ORG
657,National Security Agency,ORG
658,12:29:46,TIME
659,Dong Feng,PERSON
660,gzp1991101 Qiming‚Äôs Public Security Bureau II,ORG
661,Bureau,ORG
662,Pudong,GPE
663,gzp1991101 Still,ORG
664,Rebates,PERSON
665,Sichuan Security,ORG
666,Hello Shutd0wn,PERSON
667,Application,ORG
668,Hefei,GPE
669,Anxun,GPE
670,Okay~,PERSON
671,wxid_7p054rmzkhqf21 wxid_7p054rmzkhqf21,GPE
672,12:46:16,TIME
673,Shutd0wn 6ÁÇπ,DATE
674,Changde,GPE
675,Will Ministry,ORG
676,Qiming Anheng,PERSON
677,JZ Port,FAC
678,68W,DATE
679,Hahahahahahaha Shutd0wn lengmo lengmo,PERSON
680,means year half,DATE
681,Understood,PRODUCT
682,China Rongtong Asset Management Group - Wikipedia,ORG
683,"Baidu Cloud Disk"" APP",WORK_OF_ART
684,bad</tr><tr>2019-07-23,FAC
685,screenshot wxid_c9yv0nsla3yn22,PERSON
686,Baidu Cloud Disk ~,PERSON
687,adpw90 Double Camp General wxid_7p054rmzkhqf21 adpw90,ORG
688,Open Tencent,ORG
689,adpw90 Double Camp General,ORG
690,Ren Zixing,PERSON
691,Sun,ORG
692,Blue Shield,ORG
693,2 clients year,DATE
694,wxid_zb45i0rc71yk21 Let try wxid_c9yv0nsla3yn22,ORG
695,Eastern District,LOC
696,right?</tr><tr>2020-11-25,PRODUCT
697,Lin Jiuchuan Liu Zhiyang,PERSON
698,Qingshui,PERSON
699,gzp1991101 Ministry Defense Royal Thai Army Headquarters Ministry National Defense Fourth Military Region Ministry,ORG
700,Sanya,GPE
701,Four,CARDINAL
702,today talk year‚Äôs,DATE
703,"Hey, Luoshan",GPE
704,Said TG,PERSON
705,Li Ping + East,PERSON
706,Only half,CARDINAL
707,Confirm,ORG
708,Wuhan,GPE
709,Tai Chi,PERSON
710,7.5w,CARDINAL
711,300W,CARDINAL
712,Will Sugar Free,PERSON
713,TmÁöÑ,PERSON
714,135 million,CARDINAL
715,Liang one,PERSON
716,Midea,ORG
717,adpw90 Okay adpw90,WORK_OF_ART
718,Southwest,LOC
719,Gu Yun‚Äôs,PERSON
720,qq78263462 Price,PERSON
721,"40,000 yuan",MONEY
722,Qin Xiaoxi,PERSON
723,Scan,NORP
724,days ago,DATE
725,wxid_zb45i0rc71yk21 WeChat,PERSON
726,Shit,GPE
727,Group 2 Group 3,ORG
728,Hmm Shutd0wn,PERSON
729,Research,ORG
730,just910420 Calm,PERSON
731,gzp1991101 wxid_7p054rmzkhqf21 Give,ORG
732,Dongbian,NORP
733,Jiangsu Building,FAC
734,Cheng,PERSON
735,gzp1991101 wxid_7p054rmzkhqf21 Have,ORG
736,Fu Zhenghua,PERSON
737,Dong hack05112,PERSON
738,Remote,ORG
739,Xicheng District,GPE
740,ken73224,ORG
741,Huaxia Ningjing An Ningjing Network,PERSON
742,Tian,PERSON
743,Chawei,PERSON
744,qq78263462 Past qq78263462,PERSON
745,Hainan Small,PERSON
746,9 o'clock evening,TIME
747,Lian'an,PERSON
748,Moan Technology Shutd0wn,ORG
749,Quantity,ORG
750,Gao You's,PERSON
751,Disneyland,GPE
752,Neil East,PERSON
753,The city bureau,ORG
754,Zhou,PERSON
755,Li Fengwei,PERSON
756,Huang Yonggang,PERSON
757,Guangzhou,GPE
758,Understand,PERSON
759,Viagra Ha,PERSON
760,seventy eighty thousand yuan,MONEY
761,Gansu Hall,FAC
762,35 35,CARDINAL
763,year,DATE
764,Ke,ORG
765,stability year,DATE
766,wxid_zb45i0rc71yk21 Chicken,ORG
767,gzp1991101 Êúâ gzp1991101 wxid_7p054rmzkhqf21 gzp1991101 wxid_7p054rmzkhqf21,ORG
768,Taizhou Metro,FAC
769,adpw90 wxid_7p054rmzkhqf21 Waiting,PERSON
770,wxid_zb45i0rc71yk21 Let,ORG
771,n‚Äôt penny,MONEY
772,Pangu Forensics,ORG
773,Xu Li's,PERSON
774,Bureau Management Portal,ORG
775,night,TIME
776,qq78263462 Cold,PERSON
777,adpw90 wxid_7p054rmzkhqf21 Sichuan,ORG
778,gzp1991101 wxid_7p054rmzkhqf21,PERSON
779,qq78263462 Yeah,PERSON
780,gzp1991101 Get,ORG
781,Deyang,GPE
782,Build,GPE
783,2021</tr><tr>2021,CARDINAL
784,ken73224 See,ORG
785,Chengdu June,ORG
786,Party,ORG
787,Baidu Cloud,PERSON
788,Global 2000,DATE
789,hour,TIME
790,Opening,GPE
791,"100,000 month",DATE
792,Marketing Department,ORG
793,wxid_zb45i0rc71yk21 Wait,ORG
794,weekly,DATE
795,Kexun Ansheng,PERSON
796,Intermediate Court Sanming City,ORG
797,wxid_zb45i0rc71yk21 Chat,ORG
798,wxid_zb45i0rc71yk21 Come,ORG
799,10%,PERCENT
800,Shanghai Criminal Investigation,ORG
801,12.5 yuan,MONEY
802,Special South China Agricultural,ORG
803,Political Legal Affairs Committee,ORG
804,YouTM wxid_zb45i0rc71yk21,PERSON
805,The Yunnan Provincial Department,ORG
806,3 million,CARDINAL
807,C. just910420,PERSON
808,Ministry Public Security,ORG
809,Chengdu Pixian,NORP
810,wxid_zb45i0rc71yk21 wxid_hlmnhsq64tt722 Originally,ORG
811,Quarterly,DATE
812,just910420 Also just910420 lengmo,PERSON
813,Yibin,PERSON
814,Wang Like,PERSON
815,Created,ORG
816,Two years Shutd0wn,DATE
817,just910420 Let,PERSON
818,support.</tr><tr,ORG
819,Sanpo,PERSON
820,Annual,DATE
821,Xu Liang Fu JZ,PERSON
822,6 o'clock,TIME
823,Yangyanglai wxid_zb45i0rc71yk21,PERSON
824,wxid_zb45i0rc71yk21 Try,ORG
825,Zhou Weiwei Chengdu,PERSON
826,10 million,CARDINAL
827,CC Boss Zhou,ORG
828,Highlight,PERSON
829,qq78263462 wxid_5390224027312,PERSON
830,29th,DATE
831,people~ gzp1991101,PERSON
832,yanzi542766277,GPE
833,"200,000",CARDINAL
834,19th,ORDINAL
835,Lao Yang,PERSON
836,Jiangxi Legend Supreme,FAC
837,QB,NORP
838,2300,CARDINAL
839,Xie Yang's,PERSON
840,Ruan,PERSON
841,Ministry Commerce,ORG
842,41,CARDINAL
843,qq78263462 Wang Zhe,PERSON
844,tomorrow day,DATE
845,Sichuan ADM5386],WORK_OF_ART
846,Lao Zhao,PERSON
847,gzp1991101 Hammer,PERSON
848,Monday 1 2 3,DATE
849,September 30,DATE
850,wxid_nv9bv435fz3722 Told,PRODUCT
851,"before, year",DATE
852,Liquidation,ORG
853,wxid_zb45i0rc71yk21 Sell,ORG
854,Kexun Guo Pan,PERSON
855,hundreds thousands,CARDINAL
856,Postback,PERSON
857,Shi wxid_zb45i0rc71yk21,PERSON
858,6 years ago,DATE
859,2000W,CARDINAL
860,gzp1991101 What,PERSON
861,At end year,DATE
862,The Information Management Department Personnel,ORG
863,Purchasing Office,ORG
864,wxid_nv9bv435fz3722 Hahaha,PERSON
865,9.20,CARDINAL
866,half year year,DATE
867,Hahahaha wxid_nv9bv435fz3722 wxid_70w3p1jin84k22,NORP
868,Shutd0wn How tomorrow morning,TIME
869,14:00-15:30,TIME
870,Xun,ORG
871,Zheng Song's,PERSON
872,CC days ago,DATE
873,early 2019,DATE
874,task year,DATE
875,10.30,CARDINAL
876,yet</tr><tr>2020-09-07 02:57:38</,DATE
877,Yancheng City,GPE
878,Wait minute,TIME
879,Anpin,PERSON
880,Central Cyberspace Administration,ORG
881,Shutd0wn 3-4,DATE
882,"12,000",CARDINAL
883,Xie Yang,PERSON
884,5th,ORDINAL
885,This mainly night 16th,TIME
886,Bangzi,PERSON
887,thousand yuan,MONEY
888,Jincheng,PERSON
889,Kk,ORG
890,Inner Mongolia,GPE
891,Necessary,PERSON
892,I use year basically old,DATE
893,Zhaowu,ORG
894,Korean,NORP
895,14,CARDINAL
896,One month 18,DATE
897,The past years,DATE
898,State Council,ORG
899,Xinjiang Provincial Department,ORG
900,Going Nanjing Shutd0wn,FAC
901,11,CARDINAL
902,2021-06-02,DATE
903,SIM MeSign,PERSON
904,just910420 Hmm,PERSON
905,09:54:56,TIME
906,988,CARDINAL
907,ÔºåÔºåÔºåÔºåÔºå,GPE
908,Tao wxid_zb45i0rc71yk21,PERSON
909,New Years Shutd0wn,EVENT
910,wxid_nv9bv435fz3722 wxid_70w3p1jin84k22 Let,ORG
911,"800,000",CARDINAL
912,hack05112 None,ORG
913,2022-06-09,DATE
914,Whampoa Military Academy,ORG
915,Kexun Shutd0wn,PERSON
916,March April year,DATE
917,16:00-18:00,TIME
918,52,CARDINAL
919,LA,GPE
920,CPPCC,ORG
921,Log4j2,PERSON
922,2020-11-06,DATE
923,Spruce,PERSON
924,16.5 billion,MONEY
925,Shutd0wn 8000W,DATE
926,Their previous project year Shutd0wn,DATE
927,200 month Shutd0wn,DATE
928,qq78263462 Recalling,PERSON
929,adpw90 Point,ORG
930,350,CARDINAL
931,Little Pan,PERSON
932,Southeast Asia</tr><tr>2021-07-16,LOC
933,Anti-Cybercrime Center,ORG
934,üç∫ Shutd0wn,PERSON
935,2022-05-08,DATE
936,Qi'anxin 200,PERSON
937,wxid_zb45i0rc71yk21 Logically,ORG
938,Meiling,GPE
939,Xingshi,PERSON
940,Dantu County Bureau Municipal Bureau‚Äôs Public Security Detachment,ORG
941,100.00,CARDINAL
942,Xi'an,GPE
943,National Chengchi University,ORG
944,East Station,LOC
945,Cao Rui,PERSON
946,3 days,DATE
947,111222 One,CARDINAL
948,Zhao Hengyu Market,PERSON
949,Nanmen,WORK_OF_ART
950,Shutd0wn How year,DATE
951,I asked week,DATE
952,Yaer wxid_zb45i0rc71yk21,PERSON
953,24,CARDINAL
954,Return Qian Na Shutd0wn,PERSON
955,100 million yuan,MONEY
956,Wang Chengcai,PERSON
957,Lai wxid_zb45i0rc71yk21,PERSON
958,BM Bureau‚Äôs,ORG
959,Come Morning Breeze,PERSON
960,Shutd0wn Friday,DATE
961,Xiaojuan,PRODUCT
962,Tighten,GPE
963,I'll,PERSON
964,adpw90 Call afternoon,TIME
965,Xing,PERSON
966,tranche,ORG
967,APP,ORG
968,Mazi Bridesmaid,PERSON
969,just910420 I Chengdu,PERSON
970,Cancel,PRODUCT
971,03:21:48,TIME
972,half hour,TIME
973,2021-01-11,DATE
974,Lhasa Municipal Bureau,ORG
975,A days ago,DATE
976,the provincial department,ORG
977,I played night night,TIME
978,Li Jiahe,PERSON
979,structure week,DATE
980,Tibi,PERSON
981,year year Shutd0wn,DATE
982,Alas,PERSON
983,gzp1991101 Â•Ω gzp1991101 wxid_7p054rmzkhqf21 5,ORG
984,May Day,DATE
985,Five,CARDINAL
986,Stop A Kun,PERSON
987,Huawei,ORG
988,2020-10-28,DATE
989,Flexible Approval,PERSON
990,New Year‚Äôs,EVENT
991,Boss Li,PERSON
992,20th,ORDINAL
993,Release Xie Yang Group,PERSON
994,Password wxid_zb45i0rc71yk21,PRODUCT
995,Xiaojuan,GPE
996,Lihua Ruite,PERSON
997,Sunflower Remote,PERSON
998,UK,GPE
999,Myanmar,GPE
1000,Jiangsu Cao Fei,PERSON
1001,Yancheng Shutd0wn,PERSON
1002,hourly,TIME
1003,Idle,PERSON
1004,money</tr><tr,GPE
1005,early January,DATE
1006,wxid_12n748um1thl21 Jd,PERSON
1007,Yang Beijing,PERSON
1008,wxid_zb45i0rc71yk21 Except,ORG
1009,1 3,CARDINAL
1010,PCPD,ORG
1011,Just days,DATE
1012,Dong wxid_70w3p1jin84k22,PERSON
1013,Shutd0wn Last year,DATE
1014,solution</tr><tr>2022-01-08,ORG
1015,11th,ORDINAL
1016,Specialized,ORG
1017,100W,CARDINAL
1018,Cyber Security State,ORG
1019,Gong Tao,PERSON
1020,vacation past days,DATE
1021,feelings</,ORG
1022,Carrot,PERSON
1023,wxid_wh6x59w70y3r22,PERSON
1024,wxid_5390224027312 Life,WORK_OF_ART
1025,wxid_5390224027312 wxid_70w3p1jin84k22 Do,ORG
1026,Twitter,PERSON
1027,hack05112 Honey,ORG
1028,Just log wxid_c9yv0nsla3yn22 wxid_zb45i0rc71yk21,FAC
1029,Look East China,LOC
1030,6:30 pm,TIME
1031,August,DATE
1032,Heyuan City‚Äôs,GPE
1033,88888888,CARDINAL
1034,Xu Qian Li,PERSON
1035,02:42:20,TIME
1036,Liu Zhenyu Confidentiality Qualification,PERSON
1037,Turkey,GPE
1038,48d9,CARDINAL
1039,Grade A,PRODUCT
1040,in</tr><tr>2022-01-11,ORG
1041,Zhonghai,GPE
1042,Xi‚Äôan JZ‚Äôs,ORG
1043,Meeting,PERSON
1044,end month,DATE
1045,"much, end year",DATE
1046,gzp1991101 wxid_7p054rmzkhqf21 Okay,PERSON
1047,Grin] just910420,PERSON
1048,TG,ORG
1049,East Turkistan,NORP
1050,Si Xu,PERSON
1051,This afternoon,TIME
1052,n‚Äôt Li Lin,PERSON
1053,Municipal Internet Information Office,ORG
1054,WhatsApp,ORG
1055,Crimes,GPE
1056,Ding SWEET5683yao wxid_7p054rmzkhqf21,PERSON
1057,Sifang Platform,PERSON
1058,7th</tr><tr>2020-08-24,CARDINAL
1059,year-end bonus end year,DATE
1060,Xi‚Äôan JZ,ORG
1061,12-17,DATE
1062,Xiang Hebing,PERSON
1063,2021 70 million,MONEY
1064,This 0day,DATE
1065,days,DATE
1066,6.3 million yuan,MONEY
1067,Said Shutd0wn,PERSON
1068,"400,000 500,000",CARDINAL
1069,50Ëµ∑,CARDINAL
1070,60 million,CARDINAL
1071,Almost Wang Zhe,PERSON
1072,Police Enterprise Laboratory,ORG
1073,Shutd0wn Chenghua District,LOC
1074,Hainan Tai Chi,PERSON
1075,300 yuan,MONEY
1076,European Union,ORG
1077,wxid_5390224027312 Yu Chao,PERSON
1078,Second,ORDINAL
1079,Anxun,PERSON
1080,qq78263462 Nothing,PERSON
1081,November early December,DATE
1082,https://www.57w66.com/ Website,PERSON
1083,Last Friday,DATE
1084,Lhasa Shutd0wn,PERSON
1085,Hou Wei‚Äôs,PERSON
1086,Xuanwu Laboratory Shutd0wn,ORG
1087,06:43:05,TIME
1088,Residence,ORG
1089,Defense</tr><tr,PERSON
1090,Post,ORG
1091,Jiangsu Shen Yang,PERSON
1092,76We,CARDINAL
1093,Third Institute TB,ORG
1094,N,ORG
1095,Hu Li,PERSON
1096,Ganoderma lucidum,PERSON
1097,wxid_zb45i0rc71yk21 ÔºÅÔºÅ,ORG
1098,5000Âïä,DATE
1099,Main Huadong,PERSON
1100,Exclusive Consultant]:,WORK_OF_ART
1101,Xin Yichen,PERSON
1102,Liang,PERSON
1103,Xu Li,PERSON
1104,Liang Chenghui Chen Feihu,PERSON
1105,Shutd0wn Monday Shutd0wn,DATE
1106,Afternoon,TIME
1107,2 years,DATE
1108,08:21:26,TIME
1109,basics gzp1991101,ORG
1110,He,PERSON
1111,tianyi-0608,DATE
1112,SWEET5683yao 4Ê¨°,PERSON
1113,A+,NORP
1114,middle year,DATE
1115,Kexin,PERSON
1116,Jinxing Cup,WORK_OF_ART
1117,Information Department,ORG
1118,32,CARDINAL
1119,hack05112 Saying,ORG
1120,Neither wxid_zb45i0rc71yk21,ORG
1121,Hahaha,GPE
1122,offer</tr><tr>2022-07-06,DATE
1123,wxid_zb45i0rc71yk21 See,ORG
1124,wxid_12n748um1thl21 qb difficult deal,PERSON
1125,11-18,CARDINAL
1126,apps solicit,PERSON
1127,Wangchai,GPE
1128,100 tons,QUANTITY
1129,3/1,CARDINAL
1130,02:37:43,TIME
1131,Put holiday,LOC
1132,Shan gzp1991101,PERSON
1133,Shu Jiuxiang Shutd0wn,PERSON
1134,half month,DATE
1135,70%,PERCENT
1136,Qiming Government Business Department,ORG
1137,Chao,PERSON
1138,Awkward],PERSON
1139,training year,DATE
1140,1:30,TIME
1141,gzp1991101 Big companies,ORG
1142,FBI,ORG
1143,summer,DATE
1144,wxid_zb45i0rc71yk21 wxid_zb45i0rc71yk21 wxid_hlmnhsq64tt722,ORG
1145,1700,DATE
1146,5.8E,CARDINAL
1147,United States,GPE
1148,07:34:43,TIME
1149,Awkward] lengmo,PERSON
1150,Yongxindu,PERSON
1151,App Store Review,PERSON
1152,past month,DATE
1153,Bazhou</tr><tr>2021-04-02,ORG
1154,Liu Rentao,PERSON
1155,Rhett,PERSON
1156,European,NORP
1157,Shuangying,PERSON
1158,Dazhou Ya'an,PERSON
1159,03:44:55,TIME
1160,Microsoft,ORG
1161,About 40 minutes hour half lengmo Shutd0wn Shutd0wn,TIME
1162,Zhen Tang,PERSON
1163,Hahahahahaha,PERSON
1164,Kexun Dimensions Shutd0wn,PERSON
1165,Rub fuck lengmo,PERSON
1166,Buy,PERSON
1167,2b,CARDINAL
1168,1.8,CARDINAL
1169,Hebei AQ,ORG
1170,Jiangsu Provincial Department‚Äôs,ORG
1171,begun wxid_nv9bv435fz3722,NORP
1172,gzp1991101 Li,PERSON
1173,Password,ORG
1174,n‚Äôt Sichuan,GPE
1175,25 million,CARDINAL
1176,5w,CARDINAL
1177,TZ Starting year,EVENT
1178,Tang Yuehong,PERSON
1179,5W</tr><tr>2021,CARDINAL
1180,wxid_nv9bv435fz3722 wxid_nv9bv435fz3722,NORP
1181,wxid_zb45i0rc71yk21 Shit wxid_zb45i0rc71yk21,ORG
1182,"1,300",CARDINAL
1183,Boss C Zhou Weiwei,ORG
1184,Today 21st,DATE
1185,Putian,GPE
1186,Yan,PERSON
1187,wxid_zb45i0rc71yk21 Practical,ORG
1188,Nanjing Municipal Bureau,ORG
1189,Hotan,LOC
1190,Two months,DATE
1191,P40 Pro Shutd0wn,PERSON
1192,annual,DATE
1193,150,CARDINAL
1194,"Shutd0wn 15,000",CARDINAL
1195,2 million,CARDINAL
1196,New Year's,EVENT
1197,90s,CARDINAL
1198,Brazilian,NORP
1199,Wiped,PERSON
1200,wxid_zb45i0rc71yk21 Gross,ORG
1201,01-19,DATE
1202,"40,000 50,000",CARDINAL
1203,SWEET5683yao wxid_7p054rmzkhqf21 Opened,PERSON
1204,A month,DATE
1205,Lao Yang‚Äôs,PERSON
1206,Rehabilitation Hospital Shutd0wn,ORG
1207,Zhejiang Anpei Dai Tubosi,PERSON
1208,Fei Ge,PERSON
1209,08:21:01,TIME
1210,qq78263462 qq78263462,PERSON
1211,thousand dollars,MONEY
1212,Liu Rentao Bai Yu,PERSON
1213,Gang Xiaoliang,PERSON
1214,"March, months",DATE
1215,Wu Yunkun‚Äôs,PERSON
1216,IOS POC EXP,ORG
1217,100 month,DATE
1218,Forbidden City,GPE
1219,wxid_nv9bv435fz3722 years ago,DATE
1220,gzp1991101 These,ORG
1221,BC,ORG
1222,u200eu200eu200cu200cu200eu200cu200eu200eu200eu200cu200eu200eu200cu200eu200eu200eu200eu200eu200eu200c</ td></tr><tr>2022-01-25,ORG
1223,Three years,DATE
1224,Chuan Chuan,PERSON
1225,Weiwei,ORG
1226,year Shutd0wn,DATE
1227,"20,000 yuan",MONEY
1228,Alienware,PERSON
1229,Hao,PERSON
1230,Zhou Weiwei Dong Dong,PERSON
1231,"Tuesday, Monday",DATE
1232,Tonight,TIME
1233,weeks month,DATE
1234,ËÉΩ lengmo,PERSON
1235,Jiang Linke,PERSON
1236,just910420 Everyone,PERSON
1237,Send,LOC
1238,Zong Lei's,PERSON
1239,123,CARDINAL
1240,09-09,CARDINAL
1241,02:36:48,TIME
1242,WeChat,PERSON
1243,"280,000",CARDINAL
1244,KK Sports,ORG
1245,Caught,PRODUCT
1246,September,DATE
1247,Tgen-B4,PRODUCT
1248,1e year,DATE
1249,Chengxin Industry,PERSON
1250,millions dollars,MONEY
1251,adpw90 So,PERSON
1252,90%,PERCENT
1253,14:11:52,TIME
1254,Yancheng,GPE
1255,The Mid-Autumn Festival,ORG
1256,TT,ORG
1257,Dongge,ORG
1258,weekend,DATE
1259,Wu just910420,PERSON
1260,Cloud Realm,PERSON
1261,just910420 Just come just910420 lengmo,PERSON
1262,2021-12-14,DATE
1263,adpw90 Resend,ORG
1264,Liu Rentao wxid_hlmnhsq64tt722,PERSON
1265,5 days,DATE
1266,coming year,DATE
1267,Y. Shutd0wn,PERSON
1268,Brazen,PERSON
1269,Sooner,PERSON
1270,Churu,ORG
1271,Juan,PERSON
1272,wxid_zb45i0rc71yk21 How thousands dollars,ORG
1273,wxid_70w3p1jin84k22 wxid_nv9bv435fz3722,PERSON
1274,Yangzhou,GPE
1275,AP,ORG
1276,hack05112 Shen Yang,PERSON
1277,Liang Chenghui Hubei,PERSON
1278,just910420 lengmo Feels,PERSON
1279,200W,PRODUCT
1280,Wang Sun,PERSON
1281,past months,DATE
1282,Chuangyu,PERSON
1283,11 o'clock,TIME
1284,30 years old,DATE
1285,Chiri,GPE
1286,Southeast Asia Center,ORG
1287,Disneyland,FAC
1288,11 million,CARDINAL
1289,Meiling Bund,ORG
1290,wxid_jcnxegjccqi441 Are Chengdu,ORG
1291,manual?</tr><tr>2023-01-10,DATE
1292,gzp1991101 Hmm,PERSON
1293,wxid_5390224027312 wxid_wh6x59w70y3r22 Regular Army,ORG
1294,Suqian,PERSON
1295,Chengdu University,ORG
1296,wxid_nv9bv435fz3722 wxid_70w3p1jin84k22 Who wxid_70w3p1jin84k22 wxid_nv9bv435fz3722,PERSON
1297,just910420 Âú® just910420 lengmo,PERSON
1298,Wu Laowang,PERSON
1299,The end year,DATE
1300,Today,DATE
1301,"+8675536550000,,612649561# (Mainland China",ORG
1302,The Sichuan Provincial Department,ORG
1303,11 12,CARDINAL
1304,28,CARDINAL
1305,Disney,ORG
1306,qq78263462 Get,PERSON
1307,qq78263462 Finally,PERSON
1308,East China,LOC
1309,Cold,PERSON
1310,wxid_zb45i0rc71yk21 OK wxid_c9yv0nsla3yn22 wxid_zb45i0rc71yk21,ORG
1311,Chen Cheng,PERSON
1312,6 million yuan Shaanxi,MONEY
1313,40W,DATE
1314,Wenfu,GPE
1315,Huaxin Network Security,ORG
1316,wxid_zb45i0rc71yk21 Fortunately,ORG
1317,market quarter,DATE
1318,30,CARDINAL
1319,cc1c-4367,GPE
1320,Dan Tu,PERSON
1321,Jiangsu Provincial Commission Discipline Inspection Supervision,ORG
1322,wxid_7p054rmzkhqf21 Active,ORG
1323,Vietnam Academy Social Sciences,ORG
1324,Diriyal Dilixiati,PERSON
1325,TZ,GPE
1326,adpw90 Â•Ω adpw90,ORG
1327,Shutd0wn 404,DATE
1328,The Vietnam Economic Contract,ORG
1329,u200eu200cu200cu200cu200eu200cu200cu200cu200eu200cu200eu200eu200cu200eu200eu200eu200cu200cu200cu200cu200eu200eu200cu200eu200cu200cu200eu200eu200cu200cu200cu200cu200eu200eu200cu200cu200eu200eu200cu200cu200c,ORG
1330,gzp1991101 Can,ORG
1331,The Sichuan Department,ORG
1332,Taxi,PERSON
1333,150 million,CARDINAL
1334,Reconstruction,ORG
1335,Party Leadership Group Hunan Provincial Department Civil,ORG
1336,Xina,PERSON
1337,Red Alliance,ORG
1338,wxid_nv9bv435fz3722 Hello,ORG
1339,Wang Zhe,PERSON
1340,20th-25th,CARDINAL
1341,Kempinski,PERSON
1342,+ 1,CARDINAL
1343,abc,ORG
1344,6 million,CARDINAL
1345,Strengthen,PRODUCT
1346,Yeah wxid_zb45i0rc71yk21,PERSON
1347,Ruite Security,PERSON
1348,Xuzhou Xuzhou,PERSON
1349,Hahahahahahaha,PERSON
1350,Feihu,PERSON
1351,14:00-15:00,TIME
1352,8 o‚Äôclock,TIME
1353,Kui,ORG
1354,12:22:37</,CARDINAL
1355,wxid_zb45i0rc71yk21 He,ORG
1356,ken73224 Ministry Economic Affairs,ORG
1357,One thousand,CARDINAL
1358,adpw90 wxid_7p054rmzkhqf21 Kyrgyzstan Diplomatic Oil Services,ORG
1359,Linux Android,PERSON
1360,30 million,CARDINAL
1361,Wang Jianshuo,PERSON
1362,gzp1991101 wxid_7p054rmzkhqf21 Â•Ω,PERSON
1363,Didi,FAC
1364,early Sunday,DATE
1365,Wang wxid_zb45i0rc71yk21,PERSON
1366,Yunnan Big Data Office,ORG
1367,src='912204cb-8ab7-,DATE
1368,wxid_zb45i0rc71yk21 Mobile,ORG
1369,16-18%,PERCENT
1370,wxid_zb45i0rc71yk21 Specific,ORG
1371,Correct wxid_zb45i0rc71yk21,ORG
1372,Sugar Free,PERSON
1373,n‚Äôt Zhang Huan,PERSON
1374,beginning month,DATE
1375,SWEET5683yao SWEET5683yao,PERSON
1376,just910420 Huh,PERSON
1377,Malay,PRODUCT
1378,2.3 million,CARDINAL
1379,year ago,DATE
1380,20,CARDINAL
1381,LinkedIn Meiliguo wxid_zb45i0rc71yk21,PERSON
1382,JG Unit Bar,ORG
1383,2022-01-20,DATE
1384,Pwn 4ÈÅì,LAW
1385,12:36:49,TIME
1386,58dd-4012-abc4-076bd01ffae9-en.md'>Strategic,QUANTITY
1387,Hainan Fu,PERSON
1388,adpw90 Scope,PERSON
1389,adpw90 wxid_7p054rmzkhqf21 adpw90 wxid_7p054rmzkhqf21 adpw90 adpw90,ORG
1390,Juniper,PRODUCT
1391,just910420 Awkward just910420,PERSON
1392,Anxun,ORG
1393,Huangen Zhou Qiao,PERSON
1394,Zhao Yu,PERSON
1395,09:23:08,TIME
1396,just910420 Like,PERSON
1397,9,CARDINAL
1398,80.00 yuan,MONEY
1399,Heyha,PERSON
1400,wxid_zb45i0rc71yk21 ok wxid_zb45i0rc71yk21,ORG
1401,Will Meiya,PERSON
1402,Theoretically,PERSON
1403,05-19,CARDINAL
1404,October,DATE
1405,ÔºåÔºåÔºåÔºå Shutd0wn,LOC
1406,just910420 Liang Chenghui,PERSON
1407,"20,000",CARDINAL
1408,76,CARDINAL
1409,500,CARDINAL
1410,Wang Cheng Jiangsu,PERSON
1411,20W.,CARDINAL
1412,I bragging year,DATE
1413,0-day,DATE
1414,Hahahahaha Shutd0wn,PERSON
1415,Luoshan Guangxi,GPE
1416,April,DATE
1417,gzp1991101 gzp1991101,PERSON
1418,Shutd0wn Yesterday,DATE
1419,Wuhan AQ Jiangsu,PERSON
1420,24 million,CARDINAL
1421,gzp1991101 Give Guinea,PERSON
1422,People's Restaurant,ORG
1423,Hahahaha,GPE
1424,Lao Wang‚Äôs,PERSON
1425,tomorrow morning,TIME
1426,Groups 2 3,ORG
1427,Bat,PERSON
1428,Shanghai Anxun,ORG
1429,More 1 million,CARDINAL
1430,Shi Pingping,ORG
1431,gzp1991101 Rich,ORG
1432,AQ Shutd0wn,PERSON
1433,Wang Zhe year,PERSON
1434,Xiao G,PERSON
1435,ken73224 Didn‚Äôt,ORG
1436,Q2,CARDINAL
1437,n‚Äôt Guangdong,GPE
1438,500W.,CARDINAL
1439,Ritter,ORG
1440,Notice,ORG
1441,TZ Guidance Department,ORG
1442,hangzhou,GPE
1443,early September,DATE
1444,adpw90 Shuangying,PERSON
1445,885,CARDINAL
1446,"285,000",CARDINAL
1447,Shit,ORG
1448,QB TW,ORG
1449,Ask Zhang Ruidong,PERSON
1450,I year,DATE
1451,aThe,ORG
1452,Wang Liejun 11:00-12:00,PERSON
1453,adpw90 Confirm adpw90,ORG
1454,Dong Feng‚Äôs,PERSON
1455,wxid_zb45i0rc71yk21 Not,ORG
1456,Myanmar Shutd0wn,PERSON
1457,u200eu200eu200eu200cu200cu200cu200eu200eu200cu200eu200eu200eu200cu200eu200cu200eu200cu200e,ORG
1458,Next year,DATE
1459,Confirmed,ORG
1460,Easier,PERSON
1461,90,CARDINAL
1462,Shutd0wn 2000,DATE
1463,10 o'clock morning night,TIME
1464,100Â§ö,PRODUCT
1465,Anxun Information,ORG
1466,Yuncheng,PERSON
1467,"50,000",CARDINAL
1468,Dali City,GPE
1469,140W,CARDINAL
1470,adpw90 Withdraw,ORG
1471,late night,TIME
1472,How Chengdu University,ORG
1473,Europe,LOC
1474,2022-02-28,DATE
1475,41ca-459e,CARDINAL
1476,02-05,CARDINAL
1477,Wang,PERSON
1478,wxid_zb45i0rc71yk21 ok wxid_hlmnhsq64tt722,ORG
1479,Roewe [Sweats,PERSON
1480,JG,PERSON
1481,05:58:32,TIME
1482,The Everbright Convention Exhibition,LAW
1483,General Management Department Anxun,ORG
1484,Yin ridge,PERSON
1485,nights,TIME
1486,Submit,ORG
1487,Chinese New Year,EVENT
1488,C just910420,PERSON
1489,Damn,PERSON
1490,Tong Suqian,PERSON
1491,Monthly,DATE
1492,Division,ORG
1493,wxid_zb45i0rc71yk21 Electronic,ORG
1494,wxid_nv9bv435fz3722 wxid_70w3p1jin84k22 Ca,ORG
1495,Japanese,NORP
1496,zhangxiaoyan0422 Second,PERSON
1497,Gou,PERSON
1498,Key Account Department Party A,ORG
1499,Zhang Bo,PERSON
1500,800,CARDINAL
1501,Sort TZ,ORG
1502,Ignore,PERSON
1503,Shu Hong Shutd0wn,PERSON
1504,2019-07-23,DATE
1505,Kexun,LOC
1506,Zhou Youliang Hainan,PERSON
1507,Luobo,PERSON
1508,Rub jio wxid_hlmnhsq64tt722,PERSON
1509,10:25:56,TIME
1510,Yan Zhuang Xie,PERSON
1511,mid-June,DATE
1512,wxid_nv9bv435fz3722 wxid_70w3p1jin84k22 üéâüéâüéâ,ORG
1513,dozens,CARDINAL
1514,Smart Hainan,PERSON
1515,House,ORG
1516,Indian,NORP
1517,CTF,ORG
1518,past year,DATE
1519,Shutd0wn 21 years,DATE
1520,n‚Äôt drank,GPE
1521,ok wxid_hlmnhsq64tt722,ORG
1522,today,DATE
1523,1-2 months,DATE
1524,adpw90 Chen Bo,PERSON
1525,thousands miles,QUANTITY
1526,gzp1991101 Where,ORG
1527,adpw90 No adpw90,ORG
1528,16,CARDINAL
1529,4.5w month,DATE
1530,2 hours,QUANTITY
1531,Sister Sisi,PERSON
1532,January 29th,DATE
1533,Xiamen,GPE
1534,35,CARDINAL
1535,wxid_zb45i0rc71yk21 Give,ORG
1536,Zhoushan wxid_zb45i0rc71yk21,PERSON
1537,gzp1991101 Nope,PERSON
1538,Central China Power Grid,LOC
1539,Finished,PRODUCT
1540,Han Bing,PERSON
1541,Shutd0wn Last night Shutd0wn,TIME
1542,04:34:50,TIME
1543,Tens thousands dollars,MONEY
1544,4w,CARDINAL
1545,Boss Mingtong,PERSON
1546,May,PERSON
1547,Xiaomei,PERSON
1548,Linyi Qingdao,PERSON
1549,WeChat,ORG
1550,270,CARDINAL
1551,gzp1991101 Tender,PERSON
1552,Secondly,ORDINAL
1553,Liang Chao,PERSON
1554,Hmm wxid_zb45i0rc71yk21,PERSON
1555,Chengxin Industry,ORG
1556,Tazishan,GPE
1557,tele2,PERSON
1558,50,DATE
1559,that</,LAW
1560,Hainan) Technology Co.,ORG
1561,03:23:26,TIME
1562,gzp1991101 wxid_7p054rmzkhqf21 Otherwise,ORG
1563,2021-02-02,DATE
1564,12 o'clock,TIME
1565,Hainan Anxun,PERSON
1566,Let‚Äôs afternoon 20th 21st,TIME
1567,China,GPE
1568,Dongzi,ORG
1569,Putian,PERSON
1570,army,ORG
1571,Hui past days,DATE
1572,Sichuan Province,GPE
1573,Tianfu,NORP
1574,Blockchain,PERSON
1575,week Shutd0wn,DATE
1576,"15,000 person month",DATE
1577,"98,000",CARDINAL
1578,ken73224 Jining,ORG
1579,Liaocheng,PERSON
1580,Wang Zhe Yanzi,PERSON
1581,Chongqing,GPE
1582,CRM,PRODUCT
1583,Sichuan Anxun,PERSON
1584,Come Viagra,PERSON
1585,8w,CARDINAL
1586,wxid_zb45i0rc71yk21 High-end wxid_hlmnhsq64tt722,ORG
1587,Beijing Ruibang,PERSON
1588,20W,CARDINAL
1589,wxid_5390224027312 Heyuan National Security Bureau,ORG
1590,wxid_zb45i0rc71yk21 Nothing,ORG
1591,Shi Bai prostitute,PERSON
1592,gzp1991101 wxid_7p054rmzkhqf21 Project,ORG
1593,JG Shutd0wn,PERSON
1594,yet</tr><tr>2021-04-06,ORG
1595,Shen Yuxin,PERSON
1596,The Shandong Security Department,ORG
1597,2020-09-07,DATE
1598,Eat Sichuan,ORG
1599,Anxun Cloud,PERSON
1600,Yeah wxid_zb45i0rc71yk21 wxid_hlmnhsq64tt722 Already,ORG
1601,Third,ORDINAL
1602,Hahahahahaha qq78263462,PERSON
1603,just910420 Have,PERSON
1604,African,NORP
1605,just910420 So,PERSON
1606,Hui,PERSON
1607,wxid_5390224027312 wxid_wh6x59w70y3r22 Sleepy,EVENT
1608,1.,CARDINAL
1609,adpw90 wxid_7p054rmzkhqf21 adpw90,ORG
1610,Asan,PERSON
1611,Shutd0wn Notification,LOC
1612,2020 -15,QUANTITY
1613,fifth,ORDINAL
1614,100 million,CARDINAL
1615,Normally,GPE
1616,Asian,NORP
1617,3.34 million,CARDINAL
1618,European Union‚Äôs,ORG
1619,just910420 lengmo Well,PERSON
1620,40 million year,DATE
1621,Da Fei,PERSON
1622,Chen Hui,PERSON
1623,12%,PERCENT
1624,These months,DATE
1625,National TZ Working Conference,ORG
1626,Ôºü wxid_70w3p1jin84k22,PRODUCT
1627,Shutd0wn Every year year,DATE
1628,minutes,TIME
1629,General C,ORG
1630,"70,000 month",DATE
1631,too</tr><tr>2021-11-01,PRODUCT
1632,706ÊâÄ,PRODUCT
1633,gzp1991101 gzp1991101 wxid_7p054rmzkhqf21,ORG
1634,Qingming Festival,EVENT
1635,ken73224,PERSON
1636,Half Year 120,DATE
1637,Party B lengmo Shutd0wn A bit funny lengmo,ORG
1638,New District,LOC
1639,Huaxia Shutd0wn,PERSON
1640,Yangzhou Hanjiang,PERSON
1641,ken73224 Which,ORG
1642,wxid_zb45i0rc71yk21 Good God Company wxid_zb45i0rc71yk21,ORG
1643,half half lengmo Shutd0wn,TIME
1644,Hainan Sichuan Project Strategic Cooperation Agreement,ORG
1645,02:15:29,TIME
1646,gzp1991101 wxid_7p054rmzkhqf21 Âêë,PERSON
1647,Wu Jiawei,PERSON
1648,Hainan just910420,PERSON
1649,wxid_nv9bv435fz3722 wxid_70w3p1jin84k22 Sure,ORG
1650,Shout Dali,PERSON
1651,I urging days ago,DATE
1652,15-30,CARDINAL
1653,An Heng,PERSON
1654,Hahahaha,LOC
1655,SWEET5683yao https://t.wss.ink/f/89rr3wno4i5,PERSON
1656,wxid_zb45i0rc71yk21 Call,ORG
1657,1).doc</a></tr,CARDINAL
1658,gzp1991101 Download,ORG
1659,An Xun 3 2,PRODUCT
1660,Zhongchun Dali,PERSON
1661,Pei,PERSON
1662,SWEET5683yao,PRODUCT
1663,Hahahahahahaha,ORG
1664,gzp1991101 See,ORG
1665,Wang Zhe's,PERSON
1666,Google Mail,ORG
1667,just910420 lengmo Viagra,PERSON
1668,Nucleic,PERSON
1669,15%,PERCENT
1670,wxid_zb45i0rc71yk21 Come tomorrow wxid_zb45i0rc71yk21 wxid_hlmnhsq64tt722,ORG
1671,Ppt Shutd0wn lengmo lengmo Shutd0wn,PERSON
1672,Zhou Rongrong,PERSON
1673,Slogan,PERSON
1674,SRX220,DATE
1675,Gansu Security,ORG
1676,gzp1991101 Dreams,ORG
1677,Pinduoduo,PERSON
1678,training week,DATE
1679,Liu Quanchi,PERSON
1680,07:47:30,TIME
1681,15:57:23</,CARDINAL
1682,Pan,PERSON
1683,wxid_zb45i0rc71yk21 Already,ORG
1684,Ge Xin,PERSON
1685,Yu,PERSON
1686,Zou Sisi,PERSON
1687,Bill,PERSON
1688,Android,ORG
1689,139,CARDINAL
1690,Headache,GPE
1691,Shenyang,PERSON
1692,2021-06-18,DATE
1693,Bucky,GPE
1694,Huang Le's,PERSON
1695,Hold fist][Hold fist][Hold,PRODUCT
1696,months,DATE
1697,Embarrassing¬∑¬∑Our,PERSON
1698,million wxid_12n748um1thl21,MONEY
1699,V03 Shutd0wn,PRODUCT
1700,Belt Road,FAC
1701,5:30,TIME
1702,Huzhou,GPE
1703,Xiaojuan,ORG
1704,gzp1991101 Trying,ORG
1705,Wenfu,PERSON
1706,I free months summer,DATE
1707,Kuipiao,GPE
1708,gzp1991101 No,ORG
1709,June-July,DATE
1710,Haikou,NORP
1711,"40,000 year",DATE
1712,2022-11-14,DATE
1713,February 5th,DATE
1714,money</tr><tr,ORG
1715,that</tr><tr>2022-07-06,ORG
1716,Battle Yunnan,PERSON
1717,Lhasa,PERSON
1718,China Electronics Taichi,ORG
1719,Zhou Shuai,PERSON
1720,Liu lengmo,PERSON
1721,gzp1991101 Hmm~ I,PERSON
1722,Ogawa,PERSON
1723,Maintain,GPE
1724,gzp1991101 Thank gzp1991101,ORG
1725,Quality Management Wang Yanjie Li Jiaxin Shutd0wn,ORG
1726,Hundreds thousands,CARDINAL
1727,n‚Äôt Alibaba,GPE
1728,Yang,PERSON
1729,Qi Anxin‚Äôs,PERSON
1730,"Chengdu Zeyang Shengxing Steel Co., Ltd.",ORG
1731,Disgusting,GPE
1732,03:50:34,TIME
1733,1.188 million yuan,MONEY
1734,Sister Ping connect,ORG
1735,Wu Location,PERSON
1736,fourth,ORDINAL
1737,Brother Bing wxid_zb45i0rc71yk21,ORG
1738,2021-07,DATE
1739,judgment wxid_c9yv0nsla3yn22,PERSON
1740,Duck,PERSON
1741,Yan Zhuang come lengmo,PERSON
1742,Economic Investigation Bureau,ORG
1743,Yang Duoduo,PERSON
1744,1300w,DATE
1745,2021-12-17,DATE
1746,Zhang Yu Liang Chao,PERSON
1747,qq78263462 Zhang Huan,PERSON
1748,Suzhou,GPE
1749,180,CARDINAL
1750,Chengdu Shutd0wn,ORG
1751,3qa1ac,CARDINAL
1752,01-06,DATE
1753,wxid_zb45i0rc71yk21 Expensive,ORG
1754,Wheel,PRODUCT
1755,Hmm,GPE
1756,adpw90 Okay wxid_7p054rmzkhqf21 adpw90,ORG
1757,Around 3 o'clock,TIME
1758,gzp1991101 wxid_7p054rmzkhqf21 wxid_7p054rmzkhqf21,ORG
1759,Dean Haiqiban Academy Leading Talents Ministry Industry Information Technology Qi Guoping,ORG
1760,one</tr><tr>2020-09-15,CARDINAL
1761,Yunnan Army,ORG
1762,"8,000-10,000",QUANTITY
1763,A days,DATE
1764,year week,DATE
1765,wxid_zb45i0rc71yk21 Resources,ORG
1766,Wang Cheng's,PERSON
1767,50W</,CARDINAL
1768,gzp1991101 Not,ORG
1769,Li Baodongüç∫ Shutd0wn,PERSON
1770,wxid_zb45i0rc71yk21 Why wxid_zb45i0rc71yk21 wxid_hlmnhsq64tt722 Not retained wxid_hlmnhsq64tt722,ORG
1771,6 working days,DATE
1772,Security Bureau,ORG
1773,wxid_7p054rmzkhqf21 wxid_7p054rmzkhqf21 adpw90,ORG
1774,13550351952,DATE
1775,Liu Yang Wang Fan,PERSON
1776,Last month,DATE
1777,qq78263462 AXA Yongxin,PERSON
1778,wxid_zb45i0rc71yk21 Holy,ORG
1779,6.5 first,DATE
1780,Xu Qian,PERSON
1781,Kexun,FAC
1782,Heard Shutd0wn,PERSON
1783,Needed,GPE
1784,wxid_zb45i0rc71yk21 The success rate probably problem,ORG
1785,gzp1991101 wxid_7p054rmzkhqf21 WJ,ORG
1786,Hanwai,PERSON
1787,Require,PERSON
1788,just910420 Almost 4 o'clock,PERSON
1789,The Wada Summit,EVENT
1790,"80,000 yuan",MONEY
1791,Xintou,GPE
1792,Dong lengmo,PERSON
1793,Xinjiang,GPE
1794,wxid_nv9bv435fz3722 wxid_70w3p1jin84k22 Sister Qian,ORG
1795,Generally Hainan,PERSON
1796,Cheng Xin Gong,PERSON
1797,Sanya Edition,PERSON
1798,7 million,CARDINAL
1799,Leave Shutd0wn,PERSON
1800,A External Action Service,ORG
1801,Concerned][Êó∫Êü¥,GPE
1802,Luobo,ORG
1803,half-year,DATE
1804,Expand,ORG
1805,Lu,PERSON
1806,China Infrastructure Optimization Research Society,ORG
1807,Jinjiang District,LOC
1808,10:31:11,TIME
1809,sixth day,DATE
1810,Plenty,LOC
1811,Anping Wang,PERSON
1812,Awkward][Awkward][Awkward] Shutd0wn,PERSON
1813,adpw90 Sorry adpw90 wxid_7p054rmzkhqf21 adpw90,WORK_OF_ART
1814,March 7,DATE
1815,10</tr><tr>2020-10-26,CARDINAL
1816,Stayed night night,TIME
1817,qq78263462 Sister,PERSON
1818,Melee,PERSON
1819,Sansuo,ORG
1820,The Yin Zang,PERSON
1821,gzp1991101 Anyway,ORG
1822,just910420 Hmm¬∑¬∑Okay just910420 lengmo,PERSON
1823,Apple,ORG
1824,The Inner Mongolia Provincial Department,ORG
1825,"1,000 8,500",CARDINAL
1826,5,CARDINAL
1827,gzp1991101 wxid_7p054rmzkhqf21 Âéª,ORG
1828,01:48:27,TIME
1829,Pangu,GPE
1830,Ph.D.,WORK_OF_ART
1831,Wang Yan's,PERSON
1832,SRX300,CARDINAL
1833,qq78263462 Zhao Hengyu,PERSON
1834,360,CARDINAL
1835,Liu Qi Wang Fan,PERSON
1836,days week,DATE
1837,Du Rongliang,PERSON
1838,DingTalk,ORG
1839,class 30,CARDINAL
1840,18981908199,DATE
1841,Zhang,PERSON
1842,Ask Li Jia,PERSON
1843,Tula wxid_zb45i0rc71yk21,PERSON
1844,Liu Yang,PERSON
1845,Daitabos,PERSON
1846,gzp1991101 Find,PERSON
1847,Zhao Hengyu,PERSON
1848,Awesome,GPE
1849,üí∞,ORG
1850,Sifang,GPE
1851,Vietnam Telecom,ORG
1852,Luzhou Laojiao,PERSON
1853,mac,PERSON
1854,"Monday, week",DATE
1855,anymore</tr><tr,PERSON
1856,1300,DATE
1857,Lu Niubi,PERSON
1858,Shandong Guangxi,GPE
1859,Xin,PERSON
1860,04:27:19,WORK_OF_ART
1861,This week,DATE
1862,Jiangsu Wang Cheng,PERSON
1863,Liu Xinyun,PERSON
1864,Anxun College‚Äôs,ORG
1865,Lost wxid_zb45i0rc71yk21,PERSON
1866,Sleep Shutd0wn,PERSON
1867,Shutd0wn 200925,DATE
1868,Haitian Feast,ORG
1869,Philippine,NORP
1870,14:22:40,TIME
1871,2C,PRODUCT
1872,gzp1991101 wxid_7p054rmzkhqf21 gzp1991101,ORG
1873,Zhang Yiwen,PERSON
1874,gzp1991101 Hahahaha,PERSON
1875,Pioneer,ORG
1876,Digital Government Smart Hainan,ORG
1877,National Security Council Oil Service,ORG
1878,adpw90 Okay,PERSON
1879,This year‚Äôs,DATE
1880,Peter Pan,PERSON
1881,wxid_zb45i0rc71yk21 Hebing,ORG
1882,Tai Chi Tai Chi,PERSON
1883,Hawks,ORG
1884,Dean Cyberspace Academy,ORG
1885,n‚Äôt city,GPE
1886,Boss C,ORG
1887,Jiangsu Zhejiang,GPE
1888,07:20:00,TIME
1889,SWEET5683yao wxid_7p054rmzkhqf21 Definitely wxid_7p054rmzkhqf21,PERSON
1890,1.3,CARDINAL
1891,The Great Wall,FAC
1892,Shen Shen's,PERSON
1893,zero,CARDINAL
1894,Public Security Department,ORG
1895,08-31,DATE
1896,13761671735,DATE
1897,adpw90 Â•Ω adpw90 wxid_7p054rmzkhqf21 Please,ORG
1898,Shanghai Public Security Bureau,ORG
1899,Ning Zhifeng,PERSON
1900,police?</tr><tr>2021-08-25,ORG
1901,Jiangsu Province,GPE
1902,SRX110H2,PRODUCT
1903,W Shutd0wn,PERSON
1904,10-09,CARDINAL
1905,Yongxin Public Security Bureau,ORG
1906,0.8 0.5,CARDINAL
1907,Dongfeng,GPE
1908,training week week,DATE
1909,Qi'anxin,PERSON
1910,Qin Xiaoxi Yan Yan,PERSON
1911,Mo'an,GPE
1912,Shutd0wn Liu Zhiyang,PERSON
1913,07:35:43,FAC
1914,I asked night,TIME
1915,Shin-chan,PERSON
1916,Windows,NORP
1917,Xiong Bin,PERSON
1918,Click,ORG
1919,Taught Xiaojuan,PRODUCT
1920,Never qq78263462,PERSON
1921,Bai Yu,PERSON
1922,QB Myanmar,LOC
1923,wxid_zb45i0rc71yk21 Luoshan,ORG
1924,Liu Zhiyang,PERSON
1925,just910420,PERSON
1926,Guangdong,GPE
1927,xing tones shi tones,PERSON
1928,I week,DATE
1929,gzp1991101 Customers,ORG
1930,Zhu Peng,PERSON
1931,Qi Anxin Training,PERSON
1932,wxid_12n748um1thl21 Received,PERSON
1933,Henan,PERSON
1934,morning,TIME
1935,Chu Pei,PERSON
1936,"3,000",CARDINAL
1937,Zhao,PERSON
1938,Luo Shan,PERSON
1939,National Security Council Oil Services,ORG
1940,SM,ORG
1941,Liu Zhenyu,PERSON
1942,Social Management Platform,ORG
1943,15-40,CARDINAL
1944,May 1st,DATE
1945,Shutd0wn 1000W,DATE
1946,Lanzhou ken73224,GPE
1947,wxid_zb45i0rc71yk21 Shi Pingfan,ORG
1948,6:30,TIME
1949,73,CARDINAL
1950,Kuoyi,GPE
1951,Shutd0wn üá≤üá≤,PERSON
1952,Science Technology Dimension,ORG
1953,Wuwei,PERSON
1954,Today good day 1217,DATE
1955,March 23,DATE
1956,Zhou Jianshu Shutd0wn,PERSON
1957,Li Lai,PERSON
1958,Zhang Ruidong‚Äôs,PERSON
1959,n‚Äôt wxid_zb45i0rc71yk21 wxid_hlmnhsq64tt722 Customers,ORG
1960,Mei Ling,PERSON
1961,Xie,PERSON
1962,Yunnan Security,PERSON
1963,1.1 million,CARDINAL
1964,Hahaha wxid_zb45i0rc71yk21,PERSON
1965,Received,PERSON
1966,CC,ORG
1967,TX,ORG
1968,Yongqiang,GPE
1969,Ku,PERSON
1970,wxid_12n748um1thl21 wxid_zb45i0rc71yk21 Ok,PERSON
1971,Seventh,ORDINAL
1972,adpw90 Other positions fine,ORG
1973,The Fujian Corps,ORG
1974,Hui,NORP
1975,Shutd0wn January 29th,DATE
1976,‚Äôs,NORP
1977,Main,GPE
1978,Drinking Council,ORG
1979,11:51:45,TIME
1980,Afraid,GPE
1981,Feast Annual Party,ORG
1982,gzp1991101 Okay,GPE
1983,first,ORDINAL
1984,QB,ORG
1985,half,CARDINAL
1986,Kazakhstan,GPE
1987,days ago budget year,DATE
1988,Xingchen Shutd0wn Shutd0wn,PERSON
1989,wxid_zb45i0rc71yk21 Waiting,ORG
1990,"1,500",CARDINAL
1991,14:38:18,TIME
1992,"20 years 11,700",DATE
1993,Zhang Xueqian,PERSON
1994,Gong Zheping,PERSON
1995,Chengdu East Railway Station,LOC
1996,TZ,ORG
1997,adpw90 Ask,PERSON
1998,qq78263462 Hmm,PERSON
1999,ten,CARDINAL
2000,Ding Xuexiang‚Äôs,PERSON
2001,This day,DATE
2002,ken73224 Historical,ORG
2003,Lei Zhang,PERSON
2004,adpw90 Forget,PERSON
2005,Yan Zi,PERSON
2006,god,PERSON
2007,thirty,CARDINAL
2008,15:40:07,TIME
2009,Chengdu Huai'an,ORG
2010,Li Zhengxia DingTalk‚Äôs CRM,PERSON
2011,Jiangsu Provincial Department,ORG
2012,Ganzi Aba Sichuan,PERSON
2013,Anheng,PERSON
2014,Yuanyuan,PRODUCT
2015,Mianyang,ORG
2016,adpw90 Waiting,PERSON
2017,8000W,DATE
2018,10 customers year,DATE
2019,Sichuan University Chengxin University,ORG
2020,C qq78263462,PERSON
2021,51%,PERCENT
2022,Selective,PERSON
2023,Seven,CARDINAL
2024,New year,DATE
2025,10e,CARDINAL
2026,March 1,DATE
2027,The days,DATE
2028,Lagerstroemia Box,PERSON
2029,Bana Anti-Terrorism Center Xinjiang,ORG
2030,afternoon,TIME
2031,6‰∏á,CARDINAL
2032,Shutd0wn,ORDINAL
2033,WIFI,ORG
2034,year‚Äôs,DATE
2035,Yongxin Qi'anxin</tr><tr>2020-12-28,PERSON
2036,wxid_zb45i0rc71yk21 Generally,ORG
2037,TGtadie,ORG
2038,Shenyang,NORP
2039,ZF,ORG
2040,Tai,PERSON
2041,Hainan Province Cyberspace Security Actual Attack Defense Exercise,ORG
2042,The second half year,DATE
2043,"2,000",CARDINAL
2044,just910420 lengmo Received,PERSON
2045,Ya,PERSON
2046,Shutd0wn Hefei Municipal Bureau,ORG
2047,Zhang Huan,PERSON
2048,Anxun Nursing Home,PERSON
2049,qq78263462 Zhang,PERSON
2050,Tianfeng,PERSON
2051,Hong Kong adpw90,GPE
2052,07:15:45,TIME
2053,Lao Wang's,PERSON
2054,adpw90 Hmm,PERSON
2055,Yunnan Anxun Baizhuo,PERSON
2056,Tianyuan,GPE
2057,Dalian,GPE
2058,2 years old,DATE
2059,Xu Qianfa‚Äôs,PERSON
2060,500W,CARDINAL
2061,1 billion,CARDINAL
2062,British,NORP
2063,1500 day,DATE
2064,Xuzhou,GPE
2065,02:25:44,TIME
2066,Xiao Ran,PERSON
2067,C yanzi542766277,PERSON
2068,Fu Qiang,PERSON
2069,Wang Cheng,PERSON
2070,"Anxun, Sichuan 4",ORG
2071,Equipment Department,ORG
2072,lengmo Shutd0wn,PERSON
2073,Qinghui,GPE
2074,Wang Yan,PERSON
2075,day,DATE
2076,just910420 lengmo,PERSON
2077,qq78263462,PRODUCT
2078,High-Tech Bureau,ORG
2079,Huizhou,GPE
2080,wxid_zb45i0rc71yk21 How cool,ORG
2081,4ÈÅì,CARDINAL
2082,March,DATE
2083,half year,DATE
2084,Ca,GPE
2085,Hahahaha,ORG
2086,ASEAN Division Ministry Foreign Affairs,ORG
2087,Dong Ge,PERSON
2088,Shutd0wn Dong Dong,PERSON
2089,Zong Lei</tr><tr>2021-10-12,PERSON
2090,Jinxing Technology,ORG
2091,Yunnan Provincial Department,ORG
2092,1.6 million,CARDINAL
2093,Changde Public Security Bureau,ORG
2094,Kexun Dimension,PERSON
2095,PWN,ORG
2096,My Arhat Bureau,ORG
2097,https://m.guancha.cn/XiangGangTianQi wxid_zb45i0rc71yk21,PERSON
2098,yanzi542766277 gzp1991101,PERSON
2099,Dazhou,GPE
2100,I months,DATE
2101,The Heyuan National Treasure,ORG
2102,Shaanxi,GPE
2103,Qi Anxin Xiaoliang‚Äôs,PERSON
2104,wxid_zb45i0rc71yk21 Initiate,ORG
2105,Shutd0wn 46 Shutd0wn,DATE
2106,ÓêïÓêïÓêï Shutd0wn,PERSON
2107,Huadong,GPE
2108,60W,CARDINAL
2109,Meizhou,GPE
2110,2022,DATE
2111,SWEET5683yao Made,PERSON
2112,Shuang Wai Wai,PERSON
2113,n‚Äôt KK,PERSON
2114,just910420 Well,PERSON
2115,discuss lengmo,PERSON
2116,Resident,ORG
2117,SRX650,GPE
2118,Lin Jiuchuan,PERSON
2119,qq78263462 Hahahaha,PERSON
2120,10:03:47,TIME
2121,Third Floor wxid_zb45i0rc71yk21,ORG
2122,gzp1991101 Done,PERSON
2123,11w,DATE
2124,Zheng Wei Shutd0wn,PERSON
2125,Dislike qq78263462,PERSON
2126,county county,GPE
2127,Reduce,PERSON
2128,it</tr><tr>2021-04-19,ORG
2129,wxid_zb45i0rc71yk21 Hope,ORG
2130,01:37:42,TIME
2131,18510867099,DATE
2132,Xue Hu,PERSON
2133,Hainan Strategic Agreement,PERSON
2134,"Key Account Department, Business Development Department",ORG
2135,NATO,ORG
2136,19-year-old,DATE
2137,Institute Electrical Engineering,ORG
2138,The end previous year,DATE
2139,November,DATE
2140,Xiao Xian,NORP
2141,later afternoon,TIME
2142,Wang Chai,PERSON
2143,wxid_zb45i0rc71yk21 How implement wxid_hlmnhsq64tt722,ORG
2144,I kk morning,TIME
2145,5k,CARDINAL
2146,Spinach,PERSON
2147,600 yuan,MONEY
2148,nightclub lengmo Shutd0wn,PERSON
2149,gzp1991101 Cowhide,PERSON
2150,Are East China,LOC
2151,mac Shutd0wn,PERSON
2152,Anxun College] lengmo,ORG
2153,half year Shutd0wn,DATE
2154,Red Sun,ORG
2155,Liang Chao Chen Feihu,PERSON
2156,Dong tonight,PERSON
2157,Alibaba Cloud,PERSON
2158,Except Qingming Festival,PERSON
2159,Hawk,ORG
2160,Lao Liu,PERSON
2161,World Digital Economy Forum Lu Yongjun Executive,ORG
2162,5000W.,CARDINAL
2163,Sichuan Cyberspace Association,ORG
2164,Headache,FAC
2165,School Computer Science,ORG
2166,Shitou,GPE
2167,just910420 Sichuan,PERSON
2168,CTO,ORG
2169,3.,CARDINAL
2170,14 17,CARDINAL
2171,Dazhou Shutd0wn,PERSON
2172,The rib department,ORG
2173,2021-10-11,DATE
2174,Jiaqian,NORP
2175,Xiaoliang,GPE
2176,Xiao Zheming,PERSON
2177,wxid_zb45i0rc71yk21 Correct,ORG
2178,granted</tr><tr>2022-02-28,ORG
2179,Abandoned,PERSON
2180,Sisi qq78263462,PERSON
2181,AQ,ORG
2182,2021,CARDINAL
2183,08:37:25,TIME
2184,secondly,ORDINAL
2185,free month,DATE
2186,wxid_zb45i0rc71yk21 Should,ORG
2187,Wen Youfu,PERSON
2188,Yue adpw90,ORG
2189,Xiao Rurong,PERSON
2190,I Shaanxi Jincheng,PERSON
2191,Cuihua,GPE
2192,GA,ORG
2193,0.32,CARDINAL
2194,400,CARDINAL
2195,Sichuan Hall,FAC
2196,Li Fengwei‚Äôs,PERSON
2197,n‚Äôt penny year,DATE
2198,wxid_c9yv0nsla3yn22 wxid_zb45i0rc71yk21,PERSON
2199,Fenghuo Ansheng,PERSON
2200,App Store Review Guidelines,PERSON
2201,404 1 million,MONEY
2202,7.10,CARDINAL
2203,01-27,DATE
2204,Qian Chuan Rose,PERSON
2205,02:29:19,TIME
2206,Now months,DATE
2207,Android M,ORG
2208,n‚Äôt Shenzhen,GPE
2209,-01-21,DATE
2210,My day,DATE
2211,Anxun College Shutd0wn,ORG
2212,qq78263462 Me,PERSON
2213,long ministry force construction institute,ORG
2214,Zhang Zhi Uncle,PERSON
2215,wxid_5390224027312 wxid_soekgggwnfgm21,PERSON
2216,"10,000 yuan",MONEY
2217,Add Xu Chao,PERSON
2218,Fengtai District,LOC
2219,2021-04-13,DATE
2220,recent years,DATE
2221,department?</tr><tr>2021-02-02,ORG
2222,gzp1991101 Play,PERSON
2223,Bangzi Post,ORG
2224,Shutd0wn 50%,PERCENT
2225,Hammer,PERSON
2226,Mainly Cao Rui?,PERSON
2227,Anxun wxid_70w3p1jin84k22,ORG
2228,Qi'anxin Chongqing,PERSON
2229,April 16,DATE
2230,late month,DATE
2231,Zhongke Gumei Technology Co.,PERSON
2232,SWEET5683yao Sent,PERSON
2233,Understand wxid_zb45i0rc71yk21,PERSON
2234,Cao Fei,PRODUCT
2235,gzp1991101 Moved,ORG
2236,thousand square meters,QUANTITY
2237,One year,DATE
2238,Justice,ORG
2239,gzp1991101 Said,PERSON
2240,Shutd0wn The Zhenjiang Municipal Bureau‚Äôs,ORG
2241,hahaha wxid_70w3p1jin84k22,PERSON
2242,Ôºü lengmo Shutd0wn,PRODUCT
2243,Dingding,GPE
2244,03-30,CARDINAL
2245,Ansheng,GPE
2246,one</tr><tr>2022-02-04,ORG
2247,10:30-11:00,TIME
2248,adpw90 wxid_7p054rmzkhqf21 Department Health,ORG
2249,Beijing AQ,ORG
2250,January,DATE
2251,2 weeks,DATE
2252,gzp1991101 Onboarding,ORG
2253,Several thousand,CARDINAL
2254,01-06,TIME
2255,20 minutes,TIME
2256,Mei,PERSON
2257,Mahjong,GPE
2258,Zhu Xiaojuan wxid_zb45i0rc71yk21,PERSON
2259,wxid_zb45i0rc71yk21 wxid_hlmnhsq64tt722 Customers,ORG
2260,film.pdf</a></tr><tr,ORG
2261,Thailand,GPE
2262,121.37.141.219,CARDINAL
2263,Internal,ORG
2264,01-11,DATE
2265,Yongxin Shutd0wn lengmo,PERSON
2266,18380248034,DATE
2267,10 o'clock,TIME
2268,Hou Wei Wang Zhe,PERSON
2269,adpw90 Hmm~ Let‚Äôs,WORK_OF_ART
2270,Lei WJ,PERSON
2271,75,CARDINAL
2272,75th,ORDINAL
2273,2022-01-11,DATE
2274,gzp1991101 Sorry,PERSON
2275,wxid_zb45i0rc71yk21 Meet,ORG
2276,25,CARDINAL
2277,Hunan,GPE
2278,time week,DATE
2279,earlier afternoon,TIME
2280,An Xun,PERSON
2281,Liang Chao Liang Chenghui,PERSON
2282,past days,DATE
2283,Integrated,NORP
2284,Chengdu,GPE
2285,4-6 million,QUANTITY
2286,Solution Department,ORG
2287,Sichuan Provincial Office,ORG
2288,year‚Äôs project year,DATE
2289,Chenghua District,GPE
2290,666,CARDINAL
2291,13:27:55,TIME
2292,wangchao953541 Probably,ORG
2293,+85230018898,PERSON
2294,20 30,DATE
2295,adpw90 0621ÁöÑ adpw90,EVENT
2296,1 billion year,MONEY
2297,01:06:13,TIME
2298,gzp1991101 Attached,ORG
2299,Hmm gzp1991101,PERSON
2300,Wrong Shutd0wn,PERSON
2301,Brother Dog,ORG
2302,headache department,ORG
2303,The HW Sichuan Hall,ORG
2304,Improve,ORG
2305,gzp1991101 Yep,PERSON
2306,"80,000 month",DATE
2307,Hubei Security,ORG
2308,wxid_nv9bv435fz3722,ORG
2309,Yancheng Road,FAC
2310,Point,ORG
2311,2023,DATE
2312,Complete,PERSON
2313,Chen Hui Shutd0wn,PERSON
2314,Shen Yang Liu Hongjun,PERSON
2315,days weekend,DATE
2316,wxid_zb45i0rc71yk21,ORG
2317,Hubei,GPE
2318,21 years,DATE
2319,Jd wxid_zb45i0rc71yk21,PERSON
2320,April May,DATE
2321,Huaxi Group,ORG
2322,just910420 Haha,PERSON
2323,Qi An Xin We Yong Xin An Sheng,PERSON
2324,Wu Tang,PERSON
2325,BP,ORG
2326,ok adpw90 wxid_7p054rmzkhqf21 adpw90,ORG
2327,2021-02-05,DATE
2328,gzp1991101 Mainly,ORG
2329,Zhoushan,GPE
2330,Yipintang Eel,PERSON
2331,Mac,PERSON
2332,Anpei,PERSON
2333,W,ORG
2334,Bian,NORP
2335,Political Commissar,PERSON
2336,talk afternoon,TIME
2337,RCE Affected,PERSON
2338,"300,000",CARDINAL
2339,50W,CARDINAL
2340,tomorrow,DATE
2341,Internet Police Corps,ORG
2342,Next year‚Äôs,DATE
2343,Crimes 0201-Dali.docx</a></tr><tr,ORG
2344,Buddhist,NORP
2345,Kyrgyzstan Diplomatic Oil Service,ORG
2346,October 10th,DATE
2347,"100,000 150,000",QUANTITY
2348,Chen Xi,PERSON
2349,Jingdezhen,PRODUCT
2350,61,CARDINAL
2351,"15,000 week",DATE
2352,Myanmar Military Security Bureau Unity Government Union,ORG
2353,site year,DATE
2354,10:56:20,TIME
2355,millions,CARDINAL
2356,wxid_jcnxegjccqi441 wxid_7p054rmzkhqf21 Resend,ORG
2357,2.2 million,CARDINAL
2358,CTF,PERSON
2359,Learn,ORG
2360,Wen Jianhua,PERSON
2361,wxid_zb45i0rc71yk21 Please,ORG
2362,Create,ORG
2363,gzp1991101 Do,PERSON
2364,Ogawa Dali,PERSON
2365,Bai,PERSON
2366,Ji Yunhui,PERSON
2367,"National Defense, Central Bureau Investigation",ORG
2368,millions year,DATE
2369,Party School Shutd0wn,ORG
2370,tens millions year Shutd0wn,DATE
2371,just910420 lengmo Sorry,PERSON
2372,Shadow,PRODUCT
2373,Awkward] Shutd0wn,PERSON
2374,SRX340,GPE
2375,Yuncheng lengmo,PERSON
2376,Runzhou District,LOC
2377,Grin,PERSON
2378,9000W,CARDINAL
2379,Teaching Resources Department,ORG
2380,Sichuan Department,ORG
2381,Zhou Qiao,PERSON
2382,19,CARDINAL
2383,3 weekends,DATE
2384,"100,000 yuan",MONEY
2385,just910420 just910420,PERSON
2386,02:19:43,TIME
2387,Gangdong,PERSON
2388,Wang Cheng‚Äôs,PERSON
2389,Qi An Xin,PERSON
2390,WeChat qq78263462,PERSON
2391,u200cu200cu200eu200eu200cu200eu200cu200cu200cu200eu200eu200eu200eu200cu200cu200cu200eu200cu200cu200eu200eu200eu200eu200cu200eu200eu200eu200cu200eu200cu200cu200eu200cu200cu200eu200cu200eu200eu200eu200cu200c,PERSON
2392,Chengdu Hao,PERSON
2393,Li Zhengxia,PERSON
2394,gzp1991101 Ha,PERSON
2395,Awesome wxid_zb45i0rc71yk21,FAC
2396,Xiao Pan,PERSON
2397,03:38:03,TIME
2398,yanzi542766277,PERSON
2399,Hainan Company-Investment Agreement,ORG
2400,Xu Qian‚Äôs,PERSON
2401,04:33:13,TIME
2402,9 o'clock Shutd0wn,TIME
2403,Shield Tranquility,ORG
2404,adpw90 Send,PERSON
2405,wxid_zb45i0rc71yk21 Who department wxid_zb45i0rc71yk21,ORG
2406,Jia Ye‚Äôs,PERSON
2407,Zhu Nan,PERSON
2408,7,CARDINAL
2409,wxid_zb45i0rc71yk21 No wxid_zb45i0rc71yk21,ORG
2410,afternoon lengmo,PERSON
2411,Zhaowu Shutd0wn,PERSON
2412,Network Security Detachment,ORG
2413,SWEET5683yao Have,PERSON
2414,Viagra,PRODUCT
2415,"100,000",CARDINAL
2416,Congress,ORG
2417,Pantsless,NORP
2418,4p47hy,PERSON
2419,west east lengmo,LOC
2420,"15,000 year",DATE
2421,Wori Shutd0wn,PERSON
2422,coming week,DATE
2423,gzp1991101 wxid_7p054rmzkhqf21 gzp1991101 See,ORG
2424,Yunnan Guangxi,GPE
2425,1.4,CARDINAL
2426,wxid_7p054rmzkhqf21 Send gzp1991101,ORG
2427,Huihui,PERSON
2428,02:13:22,TIME
2429,"October 4, 2020 wedding day",DATE
2430,19 years,DATE
2431,Yang Da,PERSON
2432,20%,PERCENT
2433,Shutd0wn October,DATE
2434,Meishan,GPE
2435,SWEET5683yao Correct,PERSON
2436,Taihu Lake,LOC
2437,Ying,PERSON
2438,Taicang,PERSON
2439,Order,ORG
2440,Qiming,ORG
2441,Huang adpw90,PERSON
2442,Cooperation,PRODUCT
2443,Forgot,PERSON
2444,Let‚Äôs April,DATE
2445,u200eu200eu200cWe,ORG
2446,394c-4576-b373-7c53f1abbd94_0.png',MONEY
2447,03:56:46,MONEY
2448,just910420 Young,PERSON
2449,30 year,DATE
2450,November Shutd0wn,DATE
2451,My Taima,PRODUCT
2452,Wang Qizhang Shutd0wn lengmo,PERSON
2453,Shutd0wn This year‚Äôs,DATE
2454,Dali city bureau Shutd0wn,GPE
2455,99%,PERCENT
2456,06:21:45,TIME
2457,Saturday,DATE
2458,Hainan Company,ORG
2459,Gang Qin,PERSON
2460,Didn‚Äôt,ORG
2461,National Central University,ORG
2462,National Network Security Corps,ORG
2463,Direction)_Chengdu],PERSON
2464,Didn‚Äôt,WORK_OF_ART
2465,Needed,ORG
2466,2.,CARDINAL
2467,Junli,GPE
2468,Hami Aksu,PERSON
2469,Jiangsu,GPE
2470,wxid_zb45i0rc71yk21 Too,ORG
2471,Huang Yong,PERSON
2472,16Âè∑,DATE
2473,gzp1991101 Unless far gzp1991101,ORG
2474,u200eu200cu200cu200cu200eu200cu200cu200cu200cu200eu200cu200eu200eu200c</tr><tr,ORG
2475,2009,DATE
2476,2019,DATE
2477,Mu,PERSON
2478,salesperson lengmo,PERSON
2479,Zong Lei,PERSON
2480,Shan,PERSON
2481,gzp1991101 Hahahahaha,PERSON
2482,Xiao Lu,PERSON
2483,wxid_5390224027312 Project,ORG
2484,gzp1991101 wxid_7p054rmzkhqf21 Forget,ORG
2485,SRX550,GPE
2486,05-16,CARDINAL
2487,zhangxiaoyan0422,PERSON
2488,wxid_zb45i0rc71yk21 Company,ORG
2489,Yunnan,GPE
2490,Shutd0wn 50W,DATE
2491,Hainan,GPE
2492,Tianfu Cup,NORP
2493,Less year,DATE
2494,Chen Zhiyun,PERSON
2495,company</tr><tr>2021-01-14,DATE
2496,The Jiangsu Provincial Department,ORG
2497,Interns don‚Äôt,ORG
2498,19 years 20 years,DATE
2499,him</tr><tr>2018-11-08,PRODUCT
2500,Lianyungang Changzhou,PERSON
2501,New Year‚Äôs Eve,EVENT
2502,Liang Chenghui,PERSON
2503,Bureau Ministry Public Security,ORG
2504,"Anxun, Sichuan",ORG
2505,Sichuan Shaanxi,GPE
2506,01-25,TIME
2507,8,CARDINAL
2508,wxid_zb45i0rc71yk21 Be,ORG
2509,Shuangtie Plaza,FAC
2510,wxid_zb45i0rc71yk21 L Army,ORG
2511,15:20:39</,CARDINAL
2512,16 days,DATE
2513,wxid_zb45i0rc71yk21 Acceptance,ORG
2514,Caibaobao,PERSON
2515,Shanghai Zhou Shuai,PERSON
2516,gzp1991101 Let,ORG
2517,gzp1991101 That‚Äôs,ORG
2518,one-hour,TIME
2519,Sichuan Anxun Responsibilities,PERSON
2520,2nd 3rd,DATE
2521,Did School Communication,ORG
2522,WeChat Moments,ORG
2523,gzp1991101 Others,ORG
2524,wxid_c9yv0nsla3yn22 wxid_zb45i0rc71yk21,ORG
2525,08:24:34,TIME
2526,China Construction Bank,ORG
2527,Needed wxid_zb45i0rc71yk21,PRODUCT
2528,Chenghua District,LOC
2529,Awesome,ORG
2530,Hu,PERSON
2531,Shutd0wn 40 kilometers,QUANTITY
2532,gzp1991101 Well,PERSON
2533,tianyi-0608 One,CARDINAL
2534,red envelope,ORG
2535,25713010771@chatroom,GPE
2536,Zhang Ruidong,PERSON
2537,FL,ORG
2538,Qing,PERSON
2539,wxid_zb45i0rc71yk21 Cost price,ORG
2540,gzp1991101 No,PERSON
2541,Guo Pan,PERSON
2542,Three,CARDINAL
2543,30 40 million,CARDINAL
2544,Zhenjiang Dali,PERSON
2545,year years,DATE
2546,Ruijie,GPE
2547,Shanghai Jiangsu,ORG
2548,Spring Festival,EVENT
2549,20 30%,PERCENT
2550,Bai Zhuo,PERSON
2551,Dislike Hangzhou,PERSON
2552,wxid_nv9bv435fz3722 Which,ORG
2553,Together Chengdu Bureau,ORG
2554,Viagra Nabian,PERSON
2555,gzp1991101 Business,ORG
2556,Shutd0wn 20,DATE
2557,R&D technical department,ORG
2558,adpw90 Europe,LOC
2559,n‚Äôt handle,GPE
2560,gzp1991101 yanzi542766277,ORG
2561,Shi,PERSON
2562,Another month,DATE
2563,Sichuan,NORP
2564,wxid_c9yv0nsla3yn22 [OK][OK][OK] wxid_zb45i0rc71yk21,PERSON
2565,The day,DATE
2566,Celebrate New Year,EVENT
2567,Ôºü,ORG
2568,Mainland City Detachment,GPE
2569,wxid_nv9bv435fz3722 wxid_70w3p1jin84k22 Pre,ORG
2570,gzp1991101 You,PERSON
2571,200 million yuan,MONEY
2572,gzp1991101 wxid_7p054rmzkhqf21 Would,ORG
2573,"5,000",CARDINAL
2574,wxid_zb45i0rc71yk21 The share commission,ORG
2575,Two,CARDINAL
2576,The financial department contact bank,ORG
2577,TB,ORG
2578,Xiaoyong,PERSON
2579,Chat,ORG
2580,About 12,CARDINAL
2581,Dantu,PERSON
2582,Dan Tu‚Äôs,PERSON
2583,three-year-old,DATE
2584,wxid_nv9bv435fz3722 wxid_70w3p1jin84k22,ORG
2585,Fujian Province,GPE
2586,US,GPE
2587,wxid_12n748um1thl21 wxid_zb45i0rc71yk21,ORG
2588,Municipal Bureau,ORG
2589,wxid_zb45i0rc71yk21 Look,ORG
2590,Listen East China‚Äôs,ORG
2591,just910420 Are,PERSON
2592,gzp1991101 Forgot,PERSON
2593,daily,DATE
2594,15 o'clock,TIME
2595,110W.,CARDINAL
2596,fifth seventh,DATE
2597,Shutd0wn Yangzhou,GPE
2598,leaders year,DATE
2599,OJBK,ORG
2600,gzp1991101 Give,PERSON
2601,111,CARDINAL
2602,gzp1991101 wxid_7p054rmzkhqf21 wxid_7p054rmzkhqf21,PERSON
2603,wxid_zb45i0rc71yk21 Sold,ORG
2604,just910420 Sales,ORG
2605,03:08:30 Shutd0wn,PERSON
2606,02-15,CARDINAL
2607,tens millions,CARDINAL
2608,Qi An,PERSON
2609,3 years,DATE
2610,üòµu200d,PERCENT
2611,100,CARDINAL
2612,adpw90 Whether,PERSON
2613,-24,PERSON
2614,Nanjing,GPE
2615,EU,ORG
2616,Fourth Brother,PRODUCT
2617,Fu,PERSON
2618,Ok adpw90,ORG
2619,09-27,CARDINAL
2620,10:43:30,TIME
2621,404,CARDINAL
2622,Yesterday,DATE
2623,Zhejiang,GPE
2624,Wannianchang,GPE
2625,Lao Bai Yaqi,PERSON
2626,n‚Äôt matter.</tr><tr>2020-11-06,FAC
2627,Network Security,ORG
2628,2020-08-21,DATE
2629,2020,DATE
2630,11 days,DATE
2631,ü§∑,GPE
2632,Sanlan,ORG
2633,Kempinski year,DATE
2634,Sichuan Provincial Department Sichuan Provincial Department,ORG
2635,wxid_zb45i0rc71yk21 Me wxid_zb45i0rc71yk21,ORG
2636,qq78263462 Technical,ORG
2637,Xiao Liang,PERSON
2638,12:49:28,TIME
2639,Luoyang,GPE
2640,smart city,GPE
2641,Wang Ning,PERSON
2642,eleventh,ORDINAL
2643,Tacheng,PERSON
2644,"Boone, Ning",ORG
2645,Send Shanghai Nanjing Shutd0wn,FAC
2646,Zhang Ruidong's,PERSON
2647,SWEET5683yao wxid_7p054rmzkhqf21,PERSON
2648,Sun Mingliang,PERSON
2649,Weiwei wxid_70w3p1jin84k22,ORG
2650,Sister Ping,ORG
2651,roughly 30-70,CARDINAL
2652,Shen Shen,PERSON
2653,Copy,PERSON
2654,Shaanxi Lhasa,PERSON
2655,Shutd0wn 10:30 Almost,TIME
2656,138W,CARDINAL
2657,Chang'an,ORG
2658,Enough,GPE
2659,Administration Department,ORG
2660,Originally Lanzhou Municipal Bureau,ORG
2661,12 million,CARDINAL
2662,Gong,PERSON
2663,Shutd0wn Friday Shutd0wn,DATE
2664,ASEAN Department Ministry Foreign Affairs,ORG
2665,13,CARDINAL
2666,August November,DATE
2667,Xina Si Xu</tr,PERSON
2668,Hmm wxid_5390224027312,PERSON
2669,40w,DATE
2670,4bcd-941e-1d6605bf4bce,CARDINAL
2671,Wangchai][Wangchai][Wangchai,ORG
2672,adpw90 adpw90,ORG
2673,124,CARDINAL
2674,Southwest University Science Technology,ORG
2675,fourth 2019,DATE
2676,2021-05-18,DATE
2677,02-02,CARDINAL
2678,just910420 Income,PERSON
2679,Didi Enterprise Edition,ORG
2680,three,CARDINAL
2681,2021-08-06,DATE
2682,Hahaha,PERSON
2683,TW,ORG
2684,2022-03-17,DATE
2685,wxid_12n748um1thl21 wxid_12n748um1thl21 wxid_zb45i0rc71yk21,PERSON
2686,June,DATE
2687,Afraid,ORG
2688,ready lengmo,PERSON
2689,Lab Xingshi,PERSON
2690,Anxun wxid_zb45i0rc71yk21,PERSON
2691,Anxun & Global Village,ORG
2692,years Shutd0wn,DATE
2693,Central Committee Communist Party,ORG
2694,4,CARDINAL
2695,wxid_zb45i0rc71yk21 Personal,ORG
2696,612,CARDINAL
2697,Chakangju o'clock,PERSON
2698,twice month,DATE
2699,Xinjiang Military Region,LOC
2700,Dali Shutd0wn,PERSON
2701,Yongxin gzp1991101,PERSON
2702,The United Nations,ORG
2703,Joe,PERSON
2704,10 o‚Äôclock,TIME
2705,Gong Niubi,PERSON
2706,four,CARDINAL
2707,South Korea,GPE
2708,5 o'clock,TIME
2709,Wang Zhe follow lengmo,PERSON
2710,Binhai County,GPE
2711,July,DATE
2712,"10,000",CARDINAL
2713,Fan,PERSON
2714,adpw90 Â•Ω adpw90 wxid_7p054rmzkhqf21 See,ORG
2715,More 10 billion,MONEY
2716,Liu Jilin,PERSON
2717,adpw90 Receive,ORG
2718,Sister Qian,PERSON
2719,2021-08-24,DATE
2720,14:47:40,TIME
2721,Qin Xiaoxi‚Äôs,PERSON
2722,Zhu Xiaojuan,PERSON
2723,2020.3,CARDINAL
2724,19828254145,CARDINAL
2725,Yunnan Internet Security,ORG
2726,Xinduqiao Kangding,PERSON
2727,English,LANGUAGE
2728,100.00 yuan,MONEY
2729,gzp1991101 wxid_7p054rmzkhqf21 Jun,PERSON
2730,Tai Chi,GPE
2731,Li Ping + Zhou Weiwei,PERSON
2732,gzp1991101 wxid_7p054rmzkhqf21 wxid_7p054rmzkhqf21 gzp1991101,ORG
2733,Blue Lotus Changting Technology,ORG
2734,ken73224 Mobile,ORG
2735,One year 72,DATE
2736,Mainly zero,CARDINAL
2737,Aimed Municipal Bureau,ORG
2738,Wang Meng,PERSON
2739,tonight,TIME
2740,SWEET5683yao wxid_7p054rmzkhqf21 You,ORG
2741,Calculate,ORG
2742,just910420 Come,PERSON
2743,6th,ORDINAL
2744,Tai Chi‚Äôs,PERSON
2745,Let‚Äôs Xinjiang Department,ORG
2746,13:54:58,TIME
2747,hack05112 Okay,GPE
2748,Awkward,PERSON
2749,Unsatisfactory,GPE
2750,Da Fei‚Äôs,PERSON
2751,200W/year,DATE
2752,12:24:16</,CARDINAL
2753,weeks,DATE
2754,2022-01-25,DATE
2755,Jia Ye,PERSON
2756,2000W,DATE
2757,just910420 Chengdu,PERSON
2758,Tian,GPE
2759,Two thousand W,CARDINAL
2760,0.5,CARDINAL
2761,48b8-9abf,PRODUCT
2762,Qi Xiangdong,PERSON
2763,14:53:04,TIME
2764,21st,ORDINAL
2765,4th,ORDINAL
2766,Beijing Office,ORG
2767,wxid_nv9bv435fz3722 Bai Yu,PERSON
2768,tianyi-0608,CARDINAL
2769,Which imei,PERSON
2770,gzp1991101 ÂóØ,ORG
2771,wxid_zb45i0rc71yk21 wxid_12n748um1thl21 wxid_zb45i0rc71yk21 3.,ORG
2772,Understand,GPE
2773,gzp1991101 Song,PERSON
2774,gzp1991101 Meiling,ORG
2775,Wang Yangang,PERSON
2776,Shaanxi Lhasa,FAC
2777,App Store Connect,PERSON
2778,"5,700 yuan",MONEY
2779,weekdays,DATE
2780,That year ago,DATE
2781,qq78263462 Okay,PERSON
2782,Ten million,CARDINAL
2783,September year,DATE
2784,Xiaosui,ORG
2785,01:04:28,GPE
2786,Express,ORG
2787,gzp1991101 wxid_7p054rmzkhqf21,GPE
2788,14,DATE
2789,70%-80%,PERCENT
2790,Principal Chen,PERSON
2791,National Intelligence Agency,ORG
2792,Trojan,PERSON
2793,days year,DATE
2794,https://translate.google.com/translate?hl=en&sl=auto&tl=en&u=https://gd9189.com/deposit 15096047853,CARDINAL
2795,Yancheng,PERSON
2796,wxid_nv9bv435fz3722 wxid_70w3p1jin84k22 ÂóØ wxid_nv9bv435fz3722 wxid_70w3p1jin84k22,ORG
2797,"400,000",CARDINAL
2798,9699 3575,DATE
2799,gzp1991101 Right,ORG
2800,Want gzp1991101,PERSON
2801,Shutd0wn 2.5ÁéØ,DATE
2802,qq78263462 Can‚Äôt,WORK_OF_ART
2803,Wutang,GPE
2804,Sichuan Department Municipal Bureau,ORG
2805,Hangzhou,GPE
2806,6,CARDINAL
2807,TCP Tunnel,ORG
2808,just910420 lengmo Forget,PERSON
2809,Liu Rentou,PERSON
2810,Hefei Municipal Bureau,ORG
2811,Cao Feiqiang,PERSON
2812,Lao Qi,PERSON
2813,Shutd0wn 300,DATE
2814,adpw90 Not adpw90 wxid_7p054rmzkhqf21,WORK_OF_ART
2815,adpw90 Ê∏Ø adpw90,ORG
2816,Hotan,ORG
2817,Shaanxi,ORG
2818,second,ORDINAL
2819,"198,000",CARDINAL
2820,Monday,DATE
2821,Hainan Dongge,GPE
2822,Kexun,PERSON
2823,IOS,ORG
2824,wxid_5390224027312 wxid_wh6x59w70y3r22 War,EVENT
2825,early June,DATE
2826,20 years,DATE
2827,just910420 Sit,PERSON
2828,adpw90 wxid_7p054rmzkhqf21 Research,ORG
2829,Zone Bureau,ORG
2830,Quan Bo,PERSON
2831,Digital Economy Technology Foreign Cooperation Working Committee China Association Promotion International Economic Technological Cooperation,ORG
2832,Special Detective,ORG
2833,Hengqin Company,ORG
2834,5.99 million,CARDINAL
2835,Suqian,NORP
2836,Tai Chi Hainan,PERSON
2837,Zhao Jinlong Bar,PERSON
2838,Interns,ORG
2839,01-11,TIME
2840,gzp1991101 Forget,PERSON
2841,About 20,CARDINAL
2842,Zhouchuan,GPE
2843,Wusuang,PERSON
2844,Sichuan Provincial Department,ORG
2845,Dong...,PERSON
2846,Hurry,PERSON
2847,just910420 Ôºü,PERSON
2848,Shanghai Beijing,GPE
2849,2020-10-13,DATE
2850,Only 5.2w,CARDINAL
2851,1.368 million,CARDINAL
2852,6-8%,PERCENT
2853,Aerospace Science Industry,ORG
2854,Sour lengmo,PERSON
2855,gzp1991101 wxid_7p054rmzkhqf21 Leave,ORG
2856,Liu Jiahua,PERSON
2857,44e4,CARDINAL
2858,SWEET5683yao Brother,PERSON
2859,"all,",DATE
2860,The half year,DATE
2861,Dong Xiaofei,PERSON
2862,month,DATE
2863,Zhang Feng,PERSON
2864,Brunei,PERSON
2865,Dong Yue,PERSON
2866,Brazil,GPE
2867,Eat,PERSON
2868,10-15,CARDINAL
2869,10%[Sweats,CARDINAL
2870,First Floor,ORG
2871,C,PERSON
2872,Yuan Qi,PERSON
2873,Jens Stoltenberg,PERSON
2874,Grandma,PERSON
2875,n‚Äôt demos,GPE
2876,Xiao Dao Moments,PERSON
2877,previous years,DATE
2878,National Security‚Äôs,ORG
2879,Xi‚Äôan,GPE
2880,Lao Bai Shutd0wn,PERSON
2881,ü§î,PERSON
2882,"4,000",CARDINAL
2883,adpw90 Vulnerability,ORG
2884,Xiao Wang Jianshuo,PERSON
2885,wxid_zb45i0rc71yk21 Team,ORG
2886,The Great Wall thousand miles,WORK_OF_ART
2887,Hainan Financing,LOC
2888,gzp1991101 Goodbye,PERSON
2889,"200,000 yuan",MONEY
2890,Which,PERSON
2891,10th,ORDINAL
2892,Yangzhou Zhenjiang,PERSON
2893,The Gang City Kings,GPE
2894,Quan Bo‚Äôs,PERSON
2895,Mainly TB,ORG
2896,TZ Shutd0wn,ORG
2897,wxid_zb45i0rc71yk21 Never,ORG
2898,Western Huanhua,LOC
2899,Civil Affairs Department,ORG
2900,04:51:50,TIME
2901,Chen Jingfa,PERSON
2902,Zhou Weiwei Shutd0wn,PERSON
2903,late year,DATE
2904,C wxid_nv9bv435fz3722,PERSON
2905,year 70 million,CARDINAL
2906,late year Shutd0wn,DATE
2907,Ji Caifa,PERSON
2908,Cao Rui,PRODUCT
2909,01,CARDINAL
2910,08,CARDINAL
2911,09:19:55,TIME
2912,Almost qq78263462,PERSON
2913,gzp1991101 Give,ORG
2914,Zhe,PERSON
2915,year half,DATE
2916,Jiangsu State,PERSON
2917,Play day,DATE
2918,adpw90 There,GPE
2919,Chen Quan Yu Min,PERSON
2920,mmp,ORG
2921,Forty,DATE
2922,wxid_5390224027312 Mainly,WORK_OF_ART
2923,Juju,PERSON
2924,Jiangxi,GPE
2925,early tomorrow morning,TIME
2926,Online Research Base Third Research Institute Ministry Public Security,ORG
2927,Brunei Airlines,ORG
2928,Remove 200,PERSON
2929,wxid_5390224027312 Except,ORG
2930,Buy Shanghai,GPE
2931,Chen Jun,PERSON
2932,Bazhou,GPE
2933,just910420 Pre-sale,PERSON
2934,wxid_zb45i0rc71yk21 Earn,ORG
2935,Jiangxi Provincial Department,ORG
2936,just910420 Check,PERSON
2937,2020-09-24,DATE
2938,gzp1991101 Damn,PERSON
2939,10W.,CARDINAL
2940,district county,GPE
2941,gzp1991101,GPE
2942,Zhao Hengyu‚Äôs,PERSON
2943,Financial City,GPE
2944,u200cu200eu200cu200cu200eu200eu200cu200cu200eu200cu200cu200cu200cu200eu200eu200cu200eu200eu200cu200cu200c,ORG
2945,Association,ORG
2946,Hidden Spring,ORG
2947,Xiaojuan,NORP
2948,yesterday,DATE
2949,Fei,PERSON
2950,995,CARDINAL
2951,03-15,CARDINAL
2952,Li Ping Zhou Weiwei,PERSON
2953,days holiday,DATE
2954,Alien,PERSON
2955,Lao,PERSON
2956,just910420 You,PERSON
2957,Your Jiuchuan,PERSON
2958,number estimated 600,CARDINAL
2959,Next Tuesday,DATE
2960,executive</tr><tr,ORG
2961,Chengdu Company,ORG
2962,Xu Qian's,PERSON
2963,13 15,CARDINAL
2964,me</tr><tr>2022-01-27,ORG
2965,Beijing Cyber Security Conference,WORK_OF_ART
2966,iwatch6,GPE
2967,AQ Company,ORG
2968,Friday Sunday,DATE
2969,just910420 Looks,PERSON
2970,Huaian,PRODUCT
2971,KeXun Shutd0wn,PERSON
2972,Awkward Shutd0wn,PERSON
2973,Zhu,PERSON
2974,Jieyang,GPE
2975,Lunar New Year Shutd0wn,EVENT
2976,March 10,DATE
2977,Mai University,ORG
2978,10:30:07,TIME
2979,800W,CARDINAL
2980,6 o'clock Shutd0wn,TIME
2981,SWEET5683yao Okay~,PERSON
2982,Smirk,ORG
2983,Stop gzp1991101,PERSON
2984,SWEET5683yao wxid_7p054rmzkhqf21,ORG
2985,wxid_zb45i0rc71yk21 Let‚Äôs wxid_hlmnhsq64tt722,ORG
2986,wxid_zb45i0rc71yk21 Let try wxid_zb45i0rc71yk21,ORG
2987,Leave WeChat,PERSON
2988,wxid_jcnxegjccqi441 wxid_7p054rmzkhqf21,ORG
2989,Anluo,PERSON
2990,50 million,CARDINAL
2991,la wxid_7p054rmzkhqf21 adpw90 wxid_7p054rmzkhqf21 adpw90 What,ORG
2992,SRX100,ORG
2993,"10,200",CARDINAL
2994,News‰∏®Yongxin Zhicheng,PERSON
2995,SRX240,DATE
2996,Hahahaha,PERSON
2997,BM Office,ORG
2998,"Well, year 6900",DATE
2999,Brothers,ORG
3000,Zhou Weiwei,PERSON
3001,Expanding Anxun,PERSON
3002,one-week,DATE
3003,Daily,DATE
3004,Xu Qiangao,PERSON
3005,Huang Le Ji Yunhui,PERSON
3006,Mommy,PERSON
3007,Qingyun Tower,FAC
3008,qq78263462 wxid_5390224027312 Technology,PRODUCT
3009,Guinea,GPE
3010,Network Communications Administration Government,ORG
3011,Shutd0wn One half hours,EVENT
3012,üá≠üá∞Election Observer Website wxid_hlmnhsq64tt722 wxid_zb45i0rc71yk21 See wxid_hlmnhsq64tt722 wxid_zb45i0rc71yk21,ORG
3013,Twitter,PRODUCT
3014,days Shutd0wn,DATE
3015,22,CARDINAL
3016,4 o'clock,TIME
3017,winter,DATE
3018,last year,DATE
3019,08:30:56,FAC
3020,Learn Viagra,PERSON
3021,wxid_zb45i0rc71yk21 Wait news,ORG
3022,noon,TIME
3023,qq78263462 Uh-huh,PERSON
3024,The School Computer Science,ORG
3025,"60,000 yuan",MONEY
3026,Li,PERSON
3027,Chengdu,ORG
3028,Yu Min Zhang Yu,PERSON
3029,wxid_zb45i0rc71yk21 Service,ORG
3030,Huadong Wang Zhe,PERSON
3031,5.5 million,CARDINAL
3032,7th,ORDINAL
3033,Previously,ORG
3034,wxid_5390224027312 wxid_wh6x59w70y3r22 Safety,ORG
3035,gzp1991101 wxid_7p054rmzkhqf21 Huh,PERSON
3036,Shi Pingfan,PERSON
3037,wxid_70w3p1jin84k22,ORG
3038,Cuban,NORP
3039,First,ORDINAL
3040,just910420 lengmo Hmm,PERSON
3041,20-30,CARDINAL
3042,Liang Jian,PERSON
3043,dean,PERSON
3044,gzp1991101 gzp1991101 wxid_7p054rmzkhqf21 Ballor,ORG
3045,May,DATE
3046,Wu Shutd0wn,PERSON
3047,two,CARDINAL
3048,3e,CARDINAL
3049,Rising wxid_70w3p1jin84k22,WORK_OF_ART
3050,Sanba Road,ORG
3051,3000,CARDINAL
3052,Lao Zhou,PERSON
3053,AQ Jiangsu,PERSON
3054,u200cu200cu200eu200eu200cu200cu200eu200cu200cu200eu200cu200cu200eu200cu200cu200cu200eu200eu200cu200cu200cu200cu200cu200eu200cu200eu200cu200eu200eu200eu200eu200cu200cu200cu200cu200cu200eu200cu200cu200cu200c,ORG
3055,Neil,PERSON
3056,Cao,PRODUCT
3057,Cybersecurity,ORG
3058,wxid_jcnxegjccqi441 Making,ORG
3059,wxid_zb45i0rc71yk21 Send,ORG
3060,18381037662,DATE
3061,wxid_5390224027312 wxid_wh6x59w70y3r22 wxid_wh6x59w70y3r22 wxid_5390224027312 Âíã,EVENT
3062,05:38:49,TIME
3063,September 21,DATE
3064,L5 end year,DATE
3065,early yesterday,DATE
3066,seven days,DATE
3067,Lao Bai,PERSON
3068,06:40:49,TIME
3069,Last week,DATE
3070,adpw90 Anyway,FAC
3071,5‰∏áÂëó,ORDINAL
3072,1-3 months,DATE
3073,Xing Shi,PERSON
3074,just910420 ÂóØ just910420 lengmo,PERSON
3075,Aksu,PERSON
3076,Chinese American,NORP
3077,"2,000 yuan",MONEY
3078,The Dali Municipal Bureau,ORG
3079,wxid_jcnxegjccqi441,GPE
3080,Guangxi I 2 million,ORG
3081,Vietnam Economy,PERSON
3082,wxid_zb45i0rc71yk21 New,ORG
3083,Which Lin,PERSON
3084,Hawk,PERSON
3085,Crowne Plaza,FAC
3086,K.,NORP
3087,Wang Yunnan,PERSON
3088,06:13:10,TIME
3089,"20,000 30,000 yuan",MONEY
3090,8 million,CARDINAL
3091,Ôºü lengmo Shutd0wn Convenient,PRODUCT
3092,Allow,PERSON
3093,"80,000",CARDINAL
3094,2020-10-10,DATE
3095,25713010771@chatroom,ORDINAL
3096,Li Baodong,PERSON
3097,adpw90 Police adpw90,ORG
3098,Yellow River,LOC
3099,gzp1991101 Received,PERSON
3100,Heyuan,PERSON
3101,Guo Pan‚Äôs,PERSON
3102,Chen Feihu wxid_zb45i0rc71yk21,PERSON
3103,Huang Le Group,PERSON
3104,AQ,PERSON
3105,Li Jiaqi Liu Wei Shutd0wn,PERSON
3106,adpw90 Should,PERSON
3107,Chengdu College,ORG
3108,gzp1991101 Hmm~,PERSON
3109,tens billions lengmo,MONEY
3110,Only September,DATE
3111,Clover Anxunzhong</tr><tr>2022-04-28,PRODUCT
3112,Shutd0wn 360,DATE
3113,monthly,DATE
3114,year year,DATE
3115,just910420 Looking,PERSON
3116,Cyberspace Administration,PERSON
3117,20220110.doc</a></tr,CARDINAL
3118,goods¬∑¬∑¬∑Haha,PRODUCT
3119,week,DATE
3120,Yangbi,PERSON
3121,tianyi-0608 nullroot,TIME
3122,adpw90 Shuangying General,ORG
3123,07 03:14:51</,CARDINAL
3124,Shaanxi Provincial Department,ORG
3125,Pei County,GPE
3126,Talk Zhou Qiao,PERSON
3127,1000W,DATE
3128,Boss Wei,PERSON
3129,75 76,DATE
3130,Feng Yuanyuan Shen,PERSON
3131,Shutd0wn 21 better year,DATE
3132,11-25,CARDINAL
3133,Malaysian,NORP
3134,Hua Chang Shutd0wn,PERSON
3135,late Tuesday,DATE
3136,World Village,GPE
3137,just910420 Awkward,PERSON
3138,Download Li Lai APP,PERSON
3139,Kexin,GPE
3140,Zhang Xiaodong,PERSON
3141,Evaluate,PERSON
3142,tens thousands tens thousands,MONEY
3143,Resist 100 million,MONEY
3144,"7,500",CARDINAL
3145,gzp1991101 wxid_7p054rmzkhqf21 gzp1991101 wxid_7p054rmzkhqf21 wxid_7p054rmzkhqf21,ORG
3146,Northeast Asia,LOC
3147,03:19:55,TIME
3148,The Municipal Internet Information Office,ORG
3149,03:14:59,TIME
3150,Xu Liang,PERSON
3151,750,CARDINAL
3152,gzp1991101 Specialties,ORG
3153,2-3 months,DATE
3154,2023-01-06,DATE
3155,gzp1991101 wxid_mgh25nentc4u22,ORG
3156,Anxun College,ORG
3157,Wait minute Shutd0wn,TIME
3158,202206,CARDINAL
3159,V7 Shutd0wn,PRODUCT
3160,Confidentiality Office,ORG
3161,6d5bea48b598-en.md'>[xx,CARDINAL
3162,6 days,DATE
3163,G7,PRODUCT
3164,Luoshan contact Municipal Bureau,ORG
3165,I weekend,DATE
3166,"550,000",CARDINAL
3167,Rice,PERSON
3168,Brother Bing gzp1991101,PERSON
3169,wxid_12n748um1thl21 Fuck,PERSON
3170,wxid_zb45i0rc71yk21 Le Lai International,ORG
3171,5.2,CARDINAL
3172,wxid_nv9bv435fz3722 wxid_70w3p1jin84k22 C,ORG
3173,Cybersecurity Bureau,ORG
3174,Zhang Wei,PERSON
3175,Monopoly,PERSON
3176,2 3w,DATE
3177,January 29,DATE
3178,30W,CARDINAL
3179,Thai,NORP
3180,The Great Wall thousands miles,WORK_OF_ART
3181,Weiweiha,PERSON
3182,11-30,CARDINAL
3183,hundreds thousands dollars,MONEY
3184,Tan,PERSON
3185,ga,ORG
3186,Yu Chao,PERSON
3187,Envy,ORG
3188,Hahahahahaha,GPE
3189,60%,PERCENT
3190,Municipal Public Security Bureau,ORG
3191,75 expires end month,DATE
3192,India,GPE
3193,13000,CARDINAL
3194,10 billion lengmo,QUANTITY
3195,7000W,DATE
3196,Zhaowu Meiya,ORG
3197,Southeast Asia,LOC
3198,33,CARDINAL
3199,Jiu'an,GPE
3200,gzp1991101 Let‚Äôs,ORG
3201,15,CARDINAL
3202,Zhou Weiwei CC‚Äôs,PERSON
3203,Anluona,PERSON
3204,Provincial Political Legal Affairs Commission,ORG
3205,"500,000",CARDINAL
3206,gzp1991101 Ministry,ORG
3207,Vote Senin Shutd0wn,PERSON
3208,Mainly Guangdong,PERSON
3209,National Testing Center,ORG
3210,4p47hy,CARDINAL
3211,Zipei Chen Ziyin,PERSON
3212,120,CARDINAL
3213,19-year,DATE
3214,wxid_jcnxegjccqi441 Indeed,PERSON
3215,hundreds,CARDINAL
3216,Withdrawn 11 o'clock Shutd0wn,EVENT
3217,500 yuan,MONEY
3218,EXP,ORG
3219,Group 1 Research,ORG
3220,Line,ORG
3221,Lei Feng,PERSON
3222,Awkward] wxid_hlmnhsq64tt722,PERSON
3223,third,ORDINAL
3224,Xiaochuan,ORG
3225,Yan'er,PERSON
3226,wxid_zb45i0rc71yk21,PERSON
3227,Pei Chu,PERSON
3228,wxid_zb45i0rc71yk21 Didn‚Äôt,ORG
3229,day month,DATE
3230,intranet day,DATE
3231,Gansu,GPE
3232,Wang Chengduo,PERSON
3233,Xiong Daoquan,PERSON
3234,Huang Le,PERSON
3235,30,DATE
3236,wxid_zb45i0rc71yk21 Instead,ORG
3237,TZ Yancheng,ORG
3238,wxid_zb45i0rc71yk21 Hot,ORG
3239,Salaries,PERSON
3240,Shutd0wn Opening Spring Festival,EVENT
3241,0DAY,ORG
3242,20 million,CARDINAL
3243,wxid_zb45i0rc71yk21 Wori wxid_zb45i0rc71yk21,ORG
3244,Junkou Ha,PERSON
3245,300,CARDINAL
3246,Buddhists,NORP
3247,wxid_zb45i0rc71yk21 Really,ORG
3248,50,CARDINAL
3249,Guangdong Provincial Technical Service Station,ORG
3250,half week,DATE
3251,7.5,CARDINAL
3252,Jia,PERSON
3253,Hunan AQ,PERSON
3254,wxid_12n748um1thl21,PERSON
3255,Key Account Department,ORG
3256,end year,DATE
3257,Discuss,PERSON
3258,05 10:02:31</,CARDINAL
3259,Jiangyin,PERSON
3260,"4.50,000 yuan",MONEY
3261,Recruit,ORG
3262,500 million,CARDINAL
3263,just910420 Ignore,PERSON
3264,hundreds thousands year,DATE
3265,Push,PERSON
3266,0.8,CARDINAL
3267,"9,000",CARDINAL
3268,million,CARDINAL
3269,Northeast,LOC
3270,Drink,PERSON
3271,Biao Jiangsu,PERSON
3272,August 21,DATE
3273,Ya'an,GPE
3274,Hou,PERSON
3275,Wednesday,DATE
3276,gzp1991101 Â•Ω,ORG
3277,Pangu Shutd0wn,PERSON
3278,Yancheng QB TW,PERSON
3279,SWEET5683yao,PERSON
3280,Xu Liyao,PERSON
3281,One,CARDINAL
3282,Mainly,PERSON
3283,wxid_zb45i0rc71yk21 Single,ORG
3284,Ministry Education,ORG
3285,Sichuan Provincial Public Security Department,ORG
3286,Ministry Public Security Ministry Public Security,ORG
3287,month week,DATE
3288,Xiao M,PERSON
3289,Asan Diplomacy,PERSON
3290,IP wxid_5390224027312 wxid_wh6x59w70y3r22 Fund Penetration,ORG
3291,Spring Festival</tr><tr>2022-01-13,ORG
3292,05,CARDINAL
3293,December,DATE
3294,65,CARDINAL
3295,Xipu Education,ORG
3296,Lei,PERSON
3297,wxid_jcnxegjccqi441 Forget,ORG
3298,One month,DATE
3299,Needed wxid_zb45i0rc71yk21,ORG
3300,gzp1991101 Poor,PERSON
3301,Shanghai,GPE
3302,Speak,GPE
3303,gzp1991101 Tacheng,PERSON
3304,tens millions year,DATE
3305,January 2021,DATE
3306,C wxid_70w3p1jin84k22 wxid_nv9bv435fz3722,PERSON
3307,PP,NORP
3308,night 8:45,TIME
3309,2020-11-25,DATE
3310,Chengxin University,ORG
3311,50%,PERCENT
3312,Tianjin,GPE
3313,Pukou,PERSON
3314,wxid_zb45i0rc71yk21 Which,ORG
3315,adpw90 1 adpw90,LAW
3316,wxid_zb45i0rc71yk21 Did,ORG
3317,The Solution Department,ORG
3318,Administrative Department Marketing Department,ORG
3319,Xun,NORP
3320,Asia,LOC
3321,midnight,TIME
3322,4 million,CARDINAL
3323,National People‚Äôs Congress,ORG
3324,Hmm,PERSON
3325,Didi Express,ORG
3326,2.5 months end year,DATE
3327,2.8w,CARDINAL
3328,Seduce,PERSON
3329,76,DATE
3330,üáÆ,CARDINAL
3331,Thursday,DATE
3332,R&D day,DATE
3333,mm,PERSON
3334,300 hour,TIME
3335,1 million year,DATE
3336,wxid_zb45i0rc71yk21 wxid_zb45i0rc71yk21,ORG
3337,Second Department General Staff,ORG
3338,Collate,ORG
3339,Anxun (Hainan) Information,ORG
3340,20-year,DATE
3341,Peng Yixuan,PERSON
3342,Qin Yong Founder Executive,PERSON
3343,Chunlin,PERSON
3344,Zhenjiang Yangbi,PERSON
3345,05:24:03,TIME
3346,wxid_zb45i0rc71yk21 The,ORG
3347,APT,ORG
3348,Haikou,GPE
3349,May Day Shutd0wn,DATE
3350,gzp1991101 Hey,PERSON
3351,gzp1991101,PERSON
3352,Zhuhai,GPE
3353,6.6 million,CARDINAL
3354,40,CARDINAL
3355,Tianfu Cup,EVENT
3356,Determine,PERSON
3357,53 46,CARDINAL
3358,2018,DATE
3359,Mei Yuting,PERSON
3360,Next Monday,DATE
3361,IPs,ORG
3362,Dali Municipal Bureau,ORG
3363,wxid_zb45i0rc71yk21 Things,ORG
3364,Kexun Diyuan Guo Pan,PERSON
3365,Little G,PERSON
3366,Jiangsu Office,ORG
3367,Hikvision,ORG
3368,Tibet,GPE
3369,28W,GPE
3370,16th,ORDINAL
3371,Xinjiang Security,ORG
3372,Gang Li,PERSON
3373,10.8w,CARDINAL
3374,Apps,PERSON
3375,2.5,CARDINAL
3376,8 thousand,CARDINAL
3377,Woolen cloth,PERSON
3378,Qi Anxin Shutd0wn,PERSON
3379,2.4,CARDINAL
3380,2020-08-13,DATE
3381,wxid_nv9bv435fz3722 wxid_70w3p1jin84k22 Most,ORG
3382,Malay,NORP
3383,25713010771@chatroom Penetration Testing Group,ORG
3384,Bai Yu‚Äôs,PERSON
3385,New Year's Day,EVENT
3386,n‚Äôt,GPE
3387,Cao Fei‚Äôs,PERSON
3388,Glory House,ORG
3389,Knowing QQ WeChat,ORG
3390,12.31,CARDINAL
3391,wxid_zb45i0rc71yk21 Eagerly,ORG
3392,Fantasy Life,ORG
3393,New Year,EVENT
3394,just910420 lengmo Okay,PERSON
3395,Array Networks,PERSON
3396,Anxun Information Blockchain Forensics Platform,ORG
3397,07:45:30,TIME
3398,Li Jia,PERSON
3399,Army,ORG
3400,Bund,PERSON
3401,Royal Thai Army Communications Department Ministry Defense Ministry National Defense Information Technology Space,ORG
3402,Chen,PERSON
3403,Wei,PERSON
3404,Sifang Payment,PERSON
3405,them</tr><tr>2021-03-02,DATE
3406,Chiang Mai University,ORG
3407,n‚Äôt Gansu,GPE
3408,Dahai,GPE
3409,ken73224 lgÁöÑ wxid_hlmnhsq64tt722,ORG
3410,100 million,MONEY
3411,gzp1991101 It,PERSON
3412,wxid_nv9bv435fz3722 wxid_70w3p1jin84k22 Not,ORG
3413,Cyberspace Administration,ORG
3414,2020-08-30,DATE
3415,hours Shutd0wn,TIME
3416,40 million,CARDINAL
3417,Pangu,PERSON
3418,WeChat Moments,PERSON
3419,gzp1991101 Scheduled,PERSON
3420,year-end,DATE
3421,02:37:50,TIME
3422,gzp1991101 Â•Ω gzp1991101 wxid_7p054rmzkhqf21,ORG
3423,wxid_zb45i0rc71yk21 A,ORG
3424,wxid_zb45i0rc71yk21 You,ORG
3425,CRM DingTalk,PRODUCT
3426,Talked East,PERSON
3427,Zhang Li,PERSON
3428,Yangbi County Bureau,ORG
3429,2021-11-17,DATE
3430,V1,CARDINAL
3431,Dong Dong,PERSON
3432,"Shutd0wn February 12, day",DATE
3433,Si Xu Shutd0wn,PERSON
3434,07:58:14,TIME
3435,wxid_zb45i0rc71yk21 No,ORG
3436,wxid_zb45i0rc71yk21 Highly,ORG
3437,Luoshan,GPE
3438,0,CARDINAL
3439,Li Ping Huaxin,PERSON
3440,Shutd0wn This year,DATE
3441,01:19:27,TIME
3442,almost...6,CARDINAL
3443,"Wednesday, Wednesday 8",DATE
3444,evening,TIME
3445,Learn us,ORG
3446,wxid_jcnxegjccqi441,PERSON
3447,08:26:19,TIME
3448,2300w,DATE
3449,Anxin,PERSON
3450,100Ê≠•,PRODUCT
3451,Zhang Yue,PERSON
3452,ÔºåÔºåÔºåÔºå,GPE
3453,West China Heart,LOC
3454,sstap wxid_zb45i0rc71yk21,PERSON
3455,Last night,TIME
3456,06:38:35,TIME
3457,2 o'clock,TIME
3458,just910420 Just,PERSON
3459,Pudong Development Zone,GPE
3460,yet</tr><tr>2022-09-29,ORG
3461,38W,CARDINAL
3462,NosePick,PRODUCT
3463,wxid_zb45i0rc71yk21 All,ORG
3464,Didn‚Äôt,FAC
3465,Anhui way</tr><tr>2021-03-06,FAC
3466,wxid_nv9bv435fz3722 wxid_70w3p1jin84k22,PERSON
3467,gzp1991101 wxid_7p054rmzkhqf21 gzp1991101 wxid_7p054rmzkhqf21 Confirm,ORG
3468,Tianfu Gaoxin,PERSON
3469,wxid_zb45i0rc71yk21 TG,ORG
3470,wxid_12n748um1thl21 wxid_zb45i0rc71yk21,PERSON
3471,Municipal Bureau,PERSON
3472,Mandatory Chengdu,FAC
3473,wxid_zb45i0rc71yk21 Feeling wxid_zb45i0rc71yk21,ORG
3474,Sichuan Company,GPE
3475,East Coast,LOC
3476,wxid_zb45i0rc71yk21 Like,ORG
3477,gzp1991101 Aren‚Äôt,ORG
3478,Call gzp1991101,ORG
3479,Qi‚Äôan,GPE
3480,adpw90 wxid_7p054rmzkhqf21 adpw90 wxid_7p054rmzkhqf21 adpw90,ORG
3481,adpw90 See,ORG
3482,XLS,ORG
3483,Stupid,ORG
3484,Wu Haibo Meeting,PERSON
3485,Song,PERSON
3486,Chongqing Army,ORG
3487,gzp1991101 Funds,PERSON
3488,Guangxi,GPE
3489,Dongfeng,PERSON
3490,wxid_zb45i0rc71yk21 Let‚Äôs,ORG
3491,wxid_zb45i0rc71yk21 Customers,ORG
3492,"Anxun, Sichuan Shutd0wn",ORG
3493,just910420 Sales,PERSON
3494,gzp1991101 Look,PERSON
3495,13:29:28,TIME
3496,half day,DATE
3497,wxid_zb45i0rc71yk21 Coordinate,ORG
3498,Finance,ORG
3499,Liu Hongjun,PERSON
3500,200 million,CARDINAL
3501,04:58:59,TIME
3502,San past years,DATE
3503,Vietnam,GPE
3504,EU,PERSON
3505,Uncle Yang,PERSON
3506,06:57:56,TIME
3507,Zhang Feng‚Äôs,PERSON
3508,Chen Feihu,PERSON
3509,8th National Day,DATE
3510,Let‚Äôs month,DATE
3511,ken73224 Technical Reconnaissance Corps,ORG
3512,02-19,CARDINAL
3513,Wu Xinyuan,PERSON
3514,tens millions Shutd0wn,CARDINAL
3515,"500,000 yuan",MONEY
3516,Dianke Taiji,ORG
3517,O&M-B14,ORG
3518,Yongxin lengmo,PERSON
3519,gzp1991101 wxid_7p054rmzkhqf21,ORG
3520,n‚Äôt Shanghai,GPE
3521,wxid_zb45i0rc71yk21 Am,ORG
3522,04:37:10,GPE
3523,That‚Äôs half year,DATE
3524,Plenary Session 19th,EVENT
3525,30%,PERCENT
3526,"2,000 3,000",CARDINAL
3527,Xu Qian Mei Yuting,PERSON
3528,Zhenjiang Public Security Detachment,ORG
3529,Wu Yi,PERSON
3530,Dong wxid_hlmnhsq64tt722,PERSON
3531,District County,GPE
3532,C. Sorry,PERSON
3533,Jie Chu,PERSON
3534,Dipu,PERSON
3535,08:38:32,TIME
3536,Tuesday,DATE
3537,Penetration Test Group,ORG
3538,12:30 Shutd0wn,TIME
3539,SWEET5683yao Can,PERSON
3540,Nope adpw90,ORG
3541,3.1,CARDINAL
3542,600,CARDINAL
3543,Inner Mongolia,LOC
3544,75 expire end month,DATE
3545,J Z,PRODUCT
3546,quarterly,DATE
3547,2013,DATE
3548,Shenzhen,GPE
3549,Hainan Organizing Committee,ORG
3550,Sister Ping,PERSON
3551,hours,TIME
3552,gzp1991101 Go,PERSON
3553,TB Zhang Ruidong,PERSON
3554,Team Zhang Shaanxi,PERSON
3555,past years,DATE
3556,wxid_nv9bv435fz3722 Sure wxid_nv9bv435fz3722 wxid_70w3p1jin84k22,NORP
3557,Awesome,FAC
3558,wxid_zb45i0rc71yk21 Estimated,ORG
3559,2.6 million,CARDINAL
3560,Qiang Zipei,PERSON
3561,wxid_zb45i0rc71yk21 Anyway,ORG
3562,years ago,DATE
3563,Department,ORG
3564,Windows,GPE
3565,Gangtai,PERSON
3566,Stay weeks come weeks,DATE
3567,Beijing Zhifan,ORG
3568,qq78263462 Hahahahahaha,PERSON
3569,KK,ORG
3570,tens millions yuan,MONEY
3571,1 o‚Äôclock,TIME
3572,5000-8000,CARDINAL
3573,2022-03-30,DATE
3574,20220617,PERSON
3575,11:53:54</,CARDINAL
3576,W year,DATE
3577,Hou Min,PERSON
3578,12:00:46,TIME
3579,Huawei Honor HiSilicon,PERSON
3580,120 half year,DATE
3581,gzp1991101 Okay,PERSON
3582,Can‚Äôt,FAC
3583,definitely high year,DATE
3584,Team Wang‚Äôs,PERSON
3585,Blooming Jiangsu,PERSON
3586,Ministry Foreign Affairs,ORG
3587,Dong,PERSON
3588,2021-11-25,DATE
3589,months ago,DATE
3590,Original,ORG
3591,wxid_zb45i0rc71yk21 wxid_zb45i0rc71yk21 wxid_hlmnhsq64tt722 Wait,ORG
3592,kk wxid_zb45i0rc71yk21,PERSON
3593,wxid_nv9bv435fz3722 wxid_70w3p1jin84k22 Hmm wxid_70w3p1jin84k22 wxid_nv9bv435fz3722,ORG
3594,09:10:20,FAC
3595,Friday,DATE
3596,China Electronics Taiji Group,ORG
3597,o'clock afternoon,TIME
3598,Jingdezhen,GPE
3599,just910420 Come just910420,PERSON
3600,wxid_nv9bv435fz3722,NORP
3601,Sichuan Anxun,GPE
3602,AMAP,ORG
3603,wxid_nv9bv435fz3722 Require,ORG
3604,49%,PERCENT
3605,Yongxin,PERSON
